language,word_count,subword_count,subword_word_ratio
English,19,26,1.368421052631579
English,11,19,1.7272727272727273
English,14,21,1.5
English,40,47,1.175
English,33,40,1.2121212121212122
English,42,49,1.1666666666666667
English,16,21,1.3125
English,10,16,1.6
English,14,22,1.5714285714285714
English,15,19,1.2666666666666666
English,18,22,1.2222222222222223
English,22,26,1.1818181818181819
English,17,19,1.1176470588235294
English,19,21,1.105263157894737
English,15,17,1.1333333333333333
English,29,35,1.206896551724138
English,29,37,1.2758620689655173
English,33,41,1.2424242424242424
English,39,51,1.3076923076923077
English,36,47,1.3055555555555556
English,46,59,1.2826086956521738
English,45,60,1.3333333333333333
English,48,64,1.3333333333333333
English,42,58,1.380952380952381
English,39,49,1.2564102564102564
English,37,49,1.3243243243243243
English,37,47,1.2702702702702702
English,37,48,1.2972972972972974
English,29,39,1.3448275862068966
English,27,36,1.3333333333333333
English,21,31,1.4761904761904763
English,15,25,1.6666666666666667
English,16,27,1.6875
English,36,51,1.4166666666666667
English,38,53,1.394736842105263
English,36,52,1.4444444444444444
English,43,55,1.2790697674418605
English,41,51,1.2439024390243902
English,42,55,1.3095238095238095
English,18,25,1.3888888888888888
English,10,17,1.7
English,13,18,1.3846153846153846
English,23,29,1.2608695652173914
English,19,23,1.2105263157894737
English,23,27,1.173913043478261
English,23,31,1.3478260869565217
English,19,27,1.4210526315789473
English,18,28,1.5555555555555556
English,13,17,1.3076923076923077
English,17,19,1.1176470588235294
English,14,16,1.1428571428571428
English,30,43,1.4333333333333333
English,30,42,1.4
English,30,44,1.4666666666666666
English,29,49,1.6896551724137931
English,23,41,1.7826086956521738
English,27,46,1.7037037037037037
English,11,13,1.1818181818181819
English,11,14,1.2727272727272727
English,12,15,1.25
English,14,20,1.4285714285714286
English,12,16,1.3333333333333333
English,12,18,1.5
English,24,30,1.25
English,24,30,1.25
English,22,27,1.2272727272727273
English,43,54,1.255813953488372
English,36,46,1.2777777777777777
English,43,53,1.2325581395348837
English,38,56,1.4736842105263157
English,36,54,1.5
English,35,53,1.5142857142857142
English,26,36,1.3846153846153846
English,24,35,1.4583333333333333
English,26,36,1.3846153846153846
English,13,19,1.4615384615384615
English,15,22,1.4666666666666666
English,13,20,1.5384615384615385
English,12,16,1.3333333333333333
English,12,16,1.3333333333333333
English,13,17,1.3076923076923077
English,14,18,1.2857142857142858
English,9,13,1.4444444444444444
English,14,18,1.2857142857142858
English,13,18,1.3846153846153846
English,18,24,1.3333333333333333
English,13,18,1.3846153846153846
English,19,38,2.0
English,20,38,1.9
English,21,40,1.9047619047619047
English,36,53,1.4722222222222223
English,32,50,1.5625
English,36,56,1.5555555555555556
English,24,32,1.3333333333333333
English,28,34,1.2142857142857142
English,37,46,1.2432432432432432
English,20,23,1.15
English,24,27,1.125
English,18,21,1.1666666666666667
English,10,13,1.3
English,13,18,1.3846153846153846
English,10,15,1.5
English,46,56,1.2173913043478262
English,38,47,1.236842105263158
English,41,53,1.2926829268292683
English,37,41,1.1081081081081081
English,41,45,1.0975609756097562
English,36,42,1.1666666666666667
English,23,34,1.4782608695652173
English,24,35,1.4583333333333333
English,22,33,1.5
English,18,28,1.5555555555555556
English,23,34,1.4782608695652173
English,20,34,1.7
English,33,46,1.393939393939394
English,41,54,1.3170731707317074
English,35,49,1.4
English,42,48,1.1428571428571428
English,38,43,1.131578947368421
English,36,43,1.1944444444444444
English,41,53,1.2926829268292683
English,43,53,1.2325581395348837
English,41,52,1.2682926829268293
English,22,26,1.1818181818181819
English,21,23,1.0952380952380953
English,29,32,1.103448275862069
English,16,24,1.5
English,16,22,1.375
English,16,24,1.5
English,23,29,1.2608695652173914
English,22,28,1.2727272727272727
English,27,33,1.2222222222222223
English,32,40,1.25
English,37,43,1.162162162162162
English,29,35,1.206896551724138
English,24,34,1.4166666666666667
English,25,34,1.36
English,27,36,1.3333333333333333
English,31,38,1.2258064516129032
English,28,34,1.2142857142857142
English,27,33,1.2222222222222223
English,34,42,1.2352941176470589
English,36,42,1.1666666666666667
English,35,41,1.1714285714285715
English,30,35,1.1666666666666667
English,32,39,1.21875
English,34,39,1.1470588235294117
English,17,20,1.1764705882352942
English,21,25,1.1904761904761905
English,18,22,1.2222222222222223
English,24,32,1.3333333333333333
English,26,35,1.3461538461538463
English,23,32,1.391304347826087
English,37,42,1.135135135135135
English,33,38,1.1515151515151516
English,36,41,1.1388888888888888
English,12,16,1.3333333333333333
English,13,18,1.3846153846153846
English,12,17,1.4166666666666667
English,27,32,1.1851851851851851
English,30,34,1.1333333333333333
English,28,32,1.1428571428571428
English,20,22,1.1
English,18,20,1.1111111111111112
English,20,24,1.2
English,17,26,1.5294117647058822
English,23,29,1.2608695652173914
English,20,30,1.5
English,27,32,1.1851851851851851
English,25,31,1.24
English,24,30,1.25
English,33,46,1.393939393939394
English,39,52,1.3333333333333333
English,35,46,1.3142857142857143
English,40,46,1.15
English,40,46,1.15
English,42,49,1.1666666666666667
English,37,52,1.4054054054054055
English,35,46,1.3142857142857143
English,37,51,1.3783783783783783
English,33,41,1.2424242424242424
English,39,48,1.2307692307692308
English,46,55,1.1956521739130435
English,18,26,1.4444444444444444
English,16,22,1.375
English,17,23,1.3529411764705883
English,40,52,1.3
English,42,55,1.3095238095238095
English,42,54,1.2857142857142858
English,34,40,1.1764705882352942
English,31,35,1.1290322580645162
English,33,39,1.1818181818181819
English,23,33,1.434782608695652
English,27,35,1.2962962962962963
English,20,27,1.35
English,23,29,1.2608695652173914
English,17,23,1.3529411764705883
English,19,27,1.4210526315789473
English,12,17,1.4166666666666667
English,15,21,1.4
English,13,18,1.3846153846153846
English,22,31,1.4090909090909092
English,23,32,1.391304347826087
English,22,28,1.2727272727272727
English,29,35,1.206896551724138
English,22,31,1.4090909090909092
English,27,35,1.2962962962962963
English,39,50,1.2820512820512822
English,31,40,1.2903225806451613
English,37,48,1.2972972972972974
English,36,52,1.4444444444444444
English,35,52,1.4857142857142858
English,28,40,1.4285714285714286
English,14,18,1.2857142857142858
English,17,21,1.2352941176470589
English,14,19,1.3571428571428572
English,19,24,1.263157894736842
English,16,23,1.4375
English,16,21,1.3125
English,17,22,1.2941176470588236
English,17,22,1.2941176470588236
English,15,23,1.5333333333333334
English,12,16,1.3333333333333333
English,17,20,1.1764705882352942
English,12,15,1.25
English,15,21,1.4
English,14,20,1.4285714285714286
English,21,26,1.2380952380952381
English,14,24,1.7142857142857142
English,10,15,1.5
English,10,16,1.6
English,17,23,1.3529411764705883
English,16,24,1.5
English,15,23,1.5333333333333334
English,24,27,1.125
English,30,35,1.1666666666666667
English,24,27,1.125
English,36,57,1.5833333333333333
English,43,64,1.4883720930232558
English,36,56,1.5555555555555556
English,42,59,1.4047619047619047
English,42,59,1.4047619047619047
English,46,63,1.3695652173913044
English,11,15,1.3636363636363635
English,15,19,1.2666666666666666
English,9,12,1.3333333333333333
English,29,38,1.3103448275862069
English,32,42,1.3125
English,28,37,1.3214285714285714
English,30,50,1.6666666666666667
English,22,33,1.5
English,21,30,1.4285714285714286
English,15,16,1.0666666666666667
English,12,13,1.0833333333333333
English,10,13,1.3
English,45,56,1.2444444444444445
English,42,53,1.2619047619047619
English,39,53,1.358974358974359
English,53,55,1.0377358490566038
English,44,47,1.0681818181818181
English,39,40,1.0256410256410255
English,22,28,1.2727272727272727
English,18,25,1.3888888888888888
English,21,26,1.2380952380952381
English,30,34,1.1333333333333333
English,27,31,1.1481481481481481
English,22,24,1.0909090909090908
English,14,22,1.5714285714285714
English,17,23,1.3529411764705883
English,16,23,1.4375
English,19,22,1.1578947368421053
English,15,16,1.0666666666666667
English,18,21,1.1666666666666667
English,21,24,1.1428571428571428
English,23,26,1.1304347826086956
English,19,22,1.1578947368421053
English,50,61,1.22
English,45,55,1.2222222222222223
English,51,62,1.2156862745098038
English,20,24,1.2
English,25,29,1.16
English,20,25,1.25
English,44,51,1.1590909090909092
English,47,55,1.1702127659574468
English,48,58,1.2083333333333333
English,23,28,1.2173913043478262
English,24,31,1.2916666666666667
English,21,28,1.3333333333333333
English,33,38,1.1515151515151516
English,35,41,1.1714285714285715
English,30,38,1.2666666666666666
English,20,26,1.3
English,20,26,1.3
English,20,26,1.3
English,27,34,1.2592592592592593
English,28,35,1.25
English,29,38,1.3103448275862069
English,26,36,1.3846153846153846
English,30,45,1.5
English,28,37,1.3214285714285714
English,17,19,1.1176470588235294
English,16,19,1.1875
English,15,18,1.2
English,14,19,1.3571428571428572
English,10,15,1.5
English,12,19,1.5833333333333333
English,14,19,1.3571428571428572
English,10,12,1.2
English,21,26,1.2380952380952381
English,34,38,1.1176470588235294
English,31,35,1.1290322580645162
English,31,35,1.1290322580645162
English,25,28,1.12
English,23,27,1.173913043478261
English,29,32,1.103448275862069
English,10,13,1.3
English,10,12,1.2
English,17,21,1.2352941176470589
English,29,30,1.0344827586206897
English,31,33,1.064516129032258
English,31,33,1.064516129032258
English,40,51,1.275
English,42,56,1.3333333333333333
English,39,51,1.3076923076923077
English,27,44,1.6296296296296295
English,29,50,1.7241379310344827
English,31,49,1.5806451612903225
English,38,45,1.1842105263157894
English,37,44,1.1891891891891893
English,38,45,1.1842105263157894
English,26,29,1.1153846153846154
English,22,26,1.1818181818181819
English,24,26,1.0833333333333333
English,15,18,1.2
English,18,24,1.3333333333333333
English,15,21,1.4
English,32,41,1.28125
English,26,34,1.3076923076923077
English,27,35,1.2962962962962963
English,51,55,1.0784313725490196
English,45,49,1.0888888888888888
English,41,45,1.0975609756097562
English,27,36,1.3333333333333333
English,23,32,1.391304347826087
English,27,36,1.3333333333333333
English,29,34,1.1724137931034482
English,30,37,1.2333333333333334
English,39,45,1.1538461538461537
English,42,53,1.2619047619047619
English,36,45,1.25
English,35,43,1.2285714285714286
English,20,26,1.3
English,24,33,1.375
English,21,30,1.4285714285714286
English,26,29,1.1153846153846154
English,25,28,1.12
English,28,31,1.1071428571428572
English,13,14,1.0769230769230769
English,12,13,1.0833333333333333
English,12,14,1.1666666666666667
English,12,13,1.0833333333333333
English,10,11,1.1
English,9,10,1.1111111111111112
English,46,70,1.5217391304347827
English,38,60,1.5789473684210527
English,41,61,1.4878048780487805
English,19,27,1.4210526315789473
English,19,25,1.3157894736842106
English,23,29,1.2608695652173914
English,30,35,1.1666666666666667
English,32,37,1.15625
English,31,40,1.2903225806451613
English,21,25,1.1904761904761905
English,20,25,1.25
English,25,29,1.16
English,13,18,1.3846153846153846
English,13,17,1.3076923076923077
English,13,16,1.2307692307692308
English,13,18,1.3846153846153846
English,14,19,1.3571428571428572
English,11,18,1.6363636363636365
English,38,43,1.131578947368421
English,42,48,1.1428571428571428
English,38,44,1.1578947368421053
English,36,38,1.0555555555555556
English,32,35,1.09375
English,32,34,1.0625
English,27,31,1.1481481481481481
English,22,28,1.2727272727272727
English,28,33,1.1785714285714286
English,29,31,1.0689655172413792
English,28,31,1.1071428571428572
English,25,28,1.12
English,37,44,1.1891891891891893
English,34,42,1.2352941176470589
English,40,49,1.225
English,32,46,1.4375
English,39,53,1.358974358974359
English,42,61,1.4523809523809523
English,29,34,1.1724137931034482
English,32,37,1.15625
English,34,38,1.1176470588235294
English,37,42,1.135135135135135
English,37,44,1.1891891891891893
English,34,39,1.1470588235294117
English,29,33,1.1379310344827587
English,24,29,1.2083333333333333
English,23,26,1.1304347826086956
English,17,18,1.0588235294117647
English,17,19,1.1176470588235294
English,17,19,1.1176470588235294
English,17,22,1.2941176470588236
English,18,22,1.2222222222222223
English,25,30,1.2
English,38,46,1.2105263157894737
English,35,42,1.2
English,45,52,1.1555555555555554
English,45,53,1.1777777777777778
English,44,50,1.1363636363636365
English,44,51,1.1590909090909092
English,27,32,1.1851851851851851
English,21,24,1.1428571428571428
English,21,25,1.1904761904761905
English,27,30,1.1111111111111112
English,32,37,1.15625
English,26,29,1.1153846153846154
English,35,43,1.2285714285714286
English,28,37,1.3214285714285714
English,31,41,1.3225806451612903
English,20,25,1.25
English,18,27,1.5
English,14,17,1.2142857142857142
English,42,54,1.2857142857142858
English,46,63,1.3695652173913044
English,39,52,1.3333333333333333
English,6,13,2.1666666666666665
English,17,24,1.411764705882353
English,8,15,1.875
English,15,20,1.3333333333333333
English,11,15,1.3636363636363635
English,18,24,1.3333333333333333
English,26,34,1.3076923076923077
English,31,37,1.1935483870967742
English,23,31,1.3478260869565217
English,15,17,1.1333333333333333
English,12,13,1.0833333333333333
English,12,13,1.0833333333333333
English,33,40,1.2121212121212122
English,41,47,1.146341463414634
English,34,39,1.1470588235294117
English,17,20,1.1764705882352942
English,17,22,1.2941176470588236
English,16,19,1.1875
English,24,30,1.25
English,25,26,1.04
English,31,33,1.064516129032258
English,28,33,1.1785714285714286
English,27,32,1.1851851851851851
English,27,31,1.1481481481481481
English,45,51,1.1333333333333333
English,42,46,1.0952380952380953
English,41,44,1.0731707317073171
English,15,20,1.3333333333333333
English,19,21,1.105263157894737
English,19,22,1.1578947368421053
English,36,48,1.3333333333333333
English,35,44,1.2571428571428571
English,36,47,1.3055555555555556
English,39,45,1.1538461538461537
English,44,47,1.0681818181818181
English,41,45,1.0975609756097562
English,17,23,1.3529411764705883
English,23,30,1.3043478260869565
English,18,24,1.3333333333333333
English,11,13,1.1818181818181819
English,21,22,1.0476190476190477
English,11,14,1.2727272727272727
English,36,42,1.1666666666666667
English,38,45,1.1842105263157894
English,34,38,1.1176470588235294
English,33,36,1.0909090909090908
English,32,37,1.15625
English,32,37,1.15625
English,17,22,1.2941176470588236
English,20,28,1.4
English,22,29,1.3181818181818181
English,18,26,1.4444444444444444
English,17,26,1.5294117647058822
English,22,28,1.2727272727272727
English,35,45,1.2857142857142858
English,37,44,1.1891891891891893
English,40,50,1.25
English,40,49,1.225
English,36,44,1.2222222222222223
English,37,44,1.1891891891891893
English,36,46,1.2777777777777777
English,41,52,1.2682926829268293
English,38,47,1.236842105263158
English,19,33,1.736842105263158
English,15,29,1.9333333333333333
English,13,26,2.0
English,35,46,1.3142857142857143
English,38,49,1.2894736842105263
English,41,52,1.2682926829268293
English,25,29,1.16
English,25,28,1.12
English,19,25,1.3157894736842106
English,23,30,1.3043478260869565
English,20,25,1.25
English,24,28,1.1666666666666667
English,41,53,1.2926829268292683
English,32,41,1.28125
English,34,44,1.2941176470588236
English,19,24,1.263157894736842
English,17,22,1.2941176470588236
English,18,22,1.2222222222222223
English,44,73,1.6590909090909092
English,43,74,1.7209302325581395
English,46,78,1.6956521739130435
English,26,36,1.3846153846153846
English,23,32,1.391304347826087
English,22,33,1.5
English,34,51,1.5
English,36,53,1.4722222222222223
English,34,52,1.5294117647058822
English,34,46,1.3529411764705883
English,28,36,1.2857142857142858
English,26,37,1.4230769230769231
English,40,49,1.225
English,36,45,1.25
English,27,34,1.2592592592592593
English,26,37,1.4230769230769231
English,22,30,1.3636363636363635
English,29,37,1.2758620689655173
English,28,39,1.3928571428571428
English,22,31,1.4090909090909092
English,25,32,1.28
English,29,40,1.3793103448275863
English,28,41,1.4642857142857142
English,28,41,1.4642857142857142
English,12,16,1.3333333333333333
English,13,17,1.3076923076923077
English,14,18,1.2857142857142858
English,28,41,1.4642857142857142
English,28,42,1.5
English,28,41,1.4642857142857142
English,24,32,1.3333333333333333
English,27,34,1.2592592592592593
English,20,27,1.35
English,20,33,1.65
English,22,36,1.6363636363636365
English,22,36,1.6363636363636365
English,33,42,1.2727272727272727
English,26,34,1.3076923076923077
English,24,35,1.4583333333333333
English,41,53,1.2926829268292683
English,48,64,1.3333333333333333
English,42,56,1.3333333333333333
English,12,16,1.3333333333333333
English,10,12,1.2
English,15,18,1.2
English,27,39,1.4444444444444444
English,24,36,1.5
English,26,38,1.4615384615384615
English,19,29,1.5263157894736843
English,26,38,1.4615384615384615
English,17,26,1.5294117647058822
English,35,48,1.3714285714285714
English,29,42,1.4482758620689655
English,31,44,1.4193548387096775
English,29,37,1.2758620689655173
English,29,37,1.2758620689655173
English,29,41,1.4137931034482758
English,20,37,1.85
English,18,35,1.9444444444444444
English,18,35,1.9444444444444444
English,33,40,1.2121212121212122
English,34,43,1.2647058823529411
English,34,43,1.2647058823529411
English,26,34,1.3076923076923077
English,26,34,1.3076923076923077
English,26,34,1.3076923076923077
English,18,23,1.2777777777777777
English,19,24,1.263157894736842
English,21,24,1.1428571428571428
English,23,31,1.3478260869565217
English,20,27,1.35
English,20,27,1.35
English,21,30,1.4285714285714286
English,21,30,1.4285714285714286
English,25,33,1.32
English,20,28,1.4
English,19,25,1.3157894736842106
English,23,29,1.2608695652173914
English,18,30,1.6666666666666667
English,14,26,1.8571428571428572
English,18,30,1.6666666666666667
English,30,36,1.2
English,28,35,1.25
English,29,36,1.2413793103448276
English,41,58,1.4146341463414633
English,40,58,1.45
English,43,60,1.3953488372093024
English,32,42,1.3125
English,29,38,1.3103448275862069
English,34,41,1.2058823529411764
English,35,50,1.4285714285714286
English,32,41,1.28125
English,30,38,1.2666666666666666
English,34,54,1.588235294117647
English,32,53,1.65625
English,31,52,1.6774193548387097
English,21,26,1.2380952380952381
English,25,31,1.24
English,24,30,1.25
English,11,16,1.4545454545454546
English,15,20,1.3333333333333333
English,15,23,1.5333333333333334
English,19,33,1.736842105263158
English,19,32,1.6842105263157894
English,20,34,1.7
English,30,49,1.6333333333333333
English,31,49,1.5806451612903225
English,30,49,1.6333333333333333
English,24,37,1.5416666666666667
English,20,31,1.55
English,20,31,1.55
English,24,30,1.25
English,26,33,1.2692307692307692
English,24,31,1.2916666666666667
English,18,22,1.2222222222222223
English,21,26,1.2380952380952381
English,20,24,1.2
English,26,36,1.3846153846153846
English,28,37,1.3214285714285714
English,28,38,1.3571428571428572
English,20,29,1.45
English,26,37,1.4230769230769231
English,24,33,1.375
English,39,68,1.7435897435897436
English,39,71,1.8205128205128205
English,38,69,1.8157894736842106
English,16,18,1.125
English,21,25,1.1904761904761905
English,17,19,1.1176470588235294
English,23,33,1.434782608695652
English,21,34,1.619047619047619
English,22,34,1.5454545454545454
English,30,35,1.1666666666666667
English,33,38,1.1515151515151516
English,28,33,1.1785714285714286
English,33,55,1.6666666666666667
English,34,57,1.6764705882352942
English,32,53,1.65625
English,37,56,1.5135135135135136
English,37,56,1.5135135135135136
English,40,62,1.55
English,26,32,1.2307692307692308
English,24,29,1.2083333333333333
English,25,31,1.24
English,29,36,1.2413793103448276
English,31,39,1.2580645161290323
English,30,38,1.2666666666666666
English,31,38,1.2258064516129032
English,23,28,1.2173913043478262
English,29,34,1.1724137931034482
English,30,38,1.2666666666666666
English,25,31,1.24
English,23,29,1.2608695652173914
English,19,28,1.4736842105263157
English,20,31,1.55
English,20,29,1.45
English,37,51,1.3783783783783783
English,40,53,1.325
English,35,49,1.4
English,18,23,1.2777777777777777
English,29,37,1.2758620689655173
English,25,30,1.2
English,28,36,1.2857142857142858
English,16,23,1.4375
English,20,27,1.35
English,39,51,1.3076923076923077
English,35,47,1.3428571428571427
English,33,45,1.3636363636363635
English,35,45,1.2857142857142858
English,30,40,1.3333333333333333
English,32,41,1.28125
English,40,56,1.4
English,37,53,1.4324324324324325
English,39,54,1.3846153846153846
English,33,49,1.4848484848484849
English,34,50,1.4705882352941178
English,34,50,1.4705882352941178
English,32,42,1.3125
English,27,36,1.3333333333333333
English,31,39,1.2580645161290323
English,14,21,1.5
English,11,17,1.5454545454545454
English,13,19,1.4615384615384615
English,21,31,1.4761904761904763
English,23,30,1.3043478260869565
English,20,29,1.45
English,19,25,1.3157894736842106
English,24,33,1.375
English,24,32,1.3333333333333333
English,39,56,1.435897435897436
English,47,66,1.4042553191489362
English,45,65,1.4444444444444444
English,37,55,1.4864864864864864
English,41,59,1.4390243902439024
English,37,55,1.4864864864864864
English,31,51,1.6451612903225807
English,36,58,1.6111111111111112
English,33,53,1.606060606060606
English,35,47,1.3428571428571427
English,41,53,1.2926829268292683
English,35,46,1.3142857142857143
English,38,58,1.5263157894736843
English,32,45,1.40625
English,32,46,1.4375
English,33,45,1.3636363636363635
English,37,42,1.135135135135135
English,33,38,1.1515151515151516
English,34,48,1.411764705882353
English,34,49,1.4411764705882353
English,31,46,1.4838709677419355
English,30,43,1.4333333333333333
English,25,39,1.56
English,27,41,1.5185185185185186
English,25,31,1.24
English,25,31,1.24
English,25,32,1.28
English,28,43,1.5357142857142858
English,28,43,1.5357142857142858
English,29,49,1.6896551724137931
English,34,48,1.411764705882353
English,36,48,1.3333333333333333
English,33,46,1.393939393939394
English,16,22,1.375
English,17,22,1.2941176470588236
English,14,19,1.3571428571428572
English,25,41,1.64
English,22,40,1.8181818181818181
English,24,42,1.75
English,13,15,1.1538461538461537
English,9,11,1.2222222222222223
English,18,21,1.1666666666666667
English,14,16,1.1428571428571428
English,17,19,1.1176470588235294
English,14,17,1.2142857142857142
English,23,34,1.4782608695652173
English,19,24,1.263157894736842
English,13,18,1.3846153846153846
English,35,49,1.4
English,35,50,1.4285714285714286
English,33,48,1.4545454545454546
English,23,35,1.5217391304347827
English,29,43,1.4827586206896552
English,17,28,1.6470588235294117
English,44,60,1.3636363636363635
English,49,65,1.3265306122448979
English,51,69,1.3529411764705883
English,33,52,1.5757575757575757
English,37,55,1.4864864864864864
English,38,61,1.605263157894737
English,32,60,1.875
English,31,52,1.6774193548387097
English,31,56,1.8064516129032258
English,20,34,1.7
English,24,37,1.5416666666666667
English,25,37,1.48
English,15,20,1.3333333333333333
English,12,16,1.3333333333333333
English,12,15,1.25
English,39,53,1.358974358974359
English,39,53,1.358974358974359
English,28,42,1.5
English,22,39,1.7727272727272727
English,23,37,1.608695652173913
English,18,32,1.7777777777777777
English,30,46,1.5333333333333334
English,32,48,1.5
English,30,51,1.7
English,32,45,1.40625
English,34,45,1.3235294117647058
English,31,42,1.3548387096774193
English,12,19,1.5833333333333333
English,13,20,1.5384615384615385
English,19,26,1.368421052631579
English,26,32,1.2307692307692308
English,26,31,1.1923076923076923
English,25,30,1.2
English,35,50,1.4285714285714286
English,36,51,1.4166666666666667
English,39,55,1.4102564102564104
English,27,42,1.5555555555555556
English,29,44,1.5172413793103448
English,26,42,1.6153846153846154
English,21,31,1.4761904761904763
English,23,33,1.434782608695652
English,26,35,1.3461538461538463
English,10,16,1.6
English,18,25,1.3888888888888888
English,11,19,1.7272727272727273
English,14,23,1.6428571428571428
English,10,21,2.1
English,12,24,2.0
English,15,22,1.4666666666666666
English,14,21,1.5
English,10,19,1.9
English,23,31,1.3478260869565217
English,20,30,1.5
English,23,34,1.4782608695652173
English,20,25,1.25
English,15,19,1.2666666666666666
English,15,21,1.4
English,34,47,1.3823529411764706
English,32,43,1.34375
English,33,47,1.4242424242424243
English,14,21,1.5
English,18,27,1.5
English,19,29,1.5263157894736843
English,38,64,1.6842105263157894
English,40,63,1.575
English,35,59,1.6857142857142857
English,27,44,1.6296296296296295
English,28,42,1.5
English,23,38,1.6521739130434783
English,27,33,1.2222222222222223
English,29,35,1.206896551724138
English,26,32,1.2307692307692308
English,22,28,1.2727272727272727
English,26,32,1.2307692307692308
English,21,27,1.2857142857142858
English,12,17,1.4166666666666667
English,15,23,1.5333333333333334
English,15,27,1.8
English,15,24,1.6
English,16,22,1.375
English,15,21,1.4
English,28,39,1.3928571428571428
English,36,47,1.3055555555555556
English,26,38,1.4615384615384615
English,22,28,1.2727272727272727
English,18,24,1.3333333333333333
English,19,26,1.368421052631579
English,18,24,1.3333333333333333
English,21,28,1.3333333333333333
English,15,20,1.3333333333333333
English,25,33,1.32
English,25,33,1.32
English,25,34,1.36
English,43,55,1.2790697674418605
English,39,51,1.3076923076923077
English,39,50,1.2820512820512822
English,23,32,1.391304347826087
English,24,34,1.4166666666666667
English,20,30,1.5
English,12,18,1.5
English,17,21,1.2352941176470589
English,10,14,1.4
English,21,26,1.2380952380952381
English,19,25,1.3157894736842106
English,18,23,1.2777777777777777
English,18,21,1.1666666666666667
English,18,21,1.1666666666666667
English,18,22,1.2222222222222223
English,10,14,1.4
English,10,17,1.7
English,10,14,1.4
English,27,39,1.4444444444444444
English,32,45,1.40625
English,29,42,1.4482758620689655
English,13,15,1.1538461538461537
English,12,17,1.4166666666666667
English,16,18,1.125
English,27,38,1.4074074074074074
English,31,46,1.4838709677419355
English,24,35,1.4583333333333333
English,23,28,1.2173913043478262
English,19,27,1.4210526315789473
English,18,24,1.3333333333333333
English,21,34,1.619047619047619
English,26,38,1.4615384615384615
English,19,29,1.5263157894736843
English,21,32,1.5238095238095237
English,14,25,1.7857142857142858
English,16,28,1.75
English,27,34,1.2592592592592593
English,26,33,1.2692307692307692
English,28,35,1.25
English,19,26,1.368421052631579
English,11,16,1.4545454545454546
English,15,20,1.3333333333333333
English,14,18,1.2857142857142858
English,13,20,1.5384615384615385
English,19,22,1.1578947368421053
English,22,38,1.7272727272727273
English,16,32,2.0
English,17,33,1.9411764705882353
English,29,40,1.3793103448275863
English,26,34,1.3076923076923077
English,27,36,1.3333333333333333
English,30,38,1.2666666666666666
English,29,36,1.2413793103448276
English,29,37,1.2758620689655173
English,9,17,1.8888888888888888
English,13,19,1.4615384615384615
English,13,21,1.6153846153846154
English,35,45,1.2857142857142858
English,29,38,1.3103448275862069
English,34,43,1.2647058823529411
English,28,31,1.1071428571428572
English,27,30,1.1111111111111112
English,28,33,1.1785714285714286
English,31,44,1.4193548387096775
English,39,50,1.2820512820512822
English,36,49,1.3611111111111112
English,28,32,1.1428571428571428
English,22,26,1.1818181818181819
English,23,27,1.173913043478261
English,27,37,1.3703703703703705
English,29,40,1.3793103448275863
English,34,45,1.3235294117647058
English,13,16,1.2307692307692308
English,15,19,1.2666666666666666
English,12,15,1.25
English,13,20,1.5384615384615385
English,10,17,1.7
English,13,22,1.6923076923076923
English,22,28,1.2727272727272727
English,21,26,1.2380952380952381
English,22,28,1.2727272727272727
English,37,53,1.4324324324324325
English,48,64,1.3333333333333333
English,38,53,1.394736842105263
English,18,28,1.5555555555555556
English,12,23,1.9166666666666667
English,16,26,1.625
English,44,64,1.4545454545454546
English,47,68,1.446808510638298
English,47,70,1.4893617021276595
English,10,13,1.3
English,16,18,1.125
English,11,13,1.1818181818181819
English,36,45,1.25
English,32,41,1.28125
English,35,46,1.3142857142857143
English,16,25,1.5625
English,15,24,1.6
English,12,20,1.6666666666666667
English,40,64,1.6
English,37,65,1.7567567567567568
English,49,69,1.4081632653061225
English,30,56,1.8666666666666667
English,33,62,1.878787878787879
English,32,59,1.84375
English,28,35,1.25
English,18,24,1.3333333333333333
English,18,23,1.2777777777777777
English,30,41,1.3666666666666667
English,35,46,1.3142857142857143
English,36,49,1.3611111111111112
English,27,35,1.2962962962962963
English,27,33,1.2222222222222223
English,29,35,1.206896551724138
English,21,32,1.5238095238095237
English,18,30,1.6666666666666667
English,20,32,1.6
English,37,52,1.4054054054054055
English,35,49,1.4
English,35,49,1.4
English,33,43,1.303030303030303
English,28,37,1.3214285714285714
English,26,35,1.3461538461538463
English,15,22,1.4666666666666666
English,17,28,1.6470588235294117
English,17,25,1.4705882352941178
English,15,24,1.6
English,15,25,1.6666666666666667
English,18,28,1.5555555555555556
English,36,50,1.3888888888888888
English,39,54,1.3846153846153846
English,35,49,1.4
English,17,27,1.588235294117647
English,16,25,1.5625
English,17,26,1.5294117647058822
English,11,15,1.3636363636363635
English,13,16,1.2307692307692308
English,11,20,1.8181818181818181
English,34,50,1.4705882352941178
English,32,47,1.46875
English,32,48,1.5
English,12,25,2.0833333333333335
English,10,24,2.4
English,13,26,2.0
English,39,50,1.2820512820512822
English,42,53,1.2619047619047619
English,40,50,1.25
English,34,42,1.2352941176470589
Chinese,31,23,0.7419354838709677
Chinese,18,14,0.7777777777777778
Chinese,26,18,0.6923076923076923
Chinese,65,41,0.6307692307692307
Chinese,49,28,0.5714285714285714
Chinese,57,35,0.6140350877192983
Chinese,23,16,0.6956521739130435
Chinese,13,11,0.8461538461538461
Chinese,20,15,0.75
Chinese,22,15,0.6818181818181818
Chinese,20,15,0.75
Chinese,25,16,0.64
Chinese,28,16,0.5714285714285714
Chinese,24,15,0.625
Chinese,20,11,0.55
Chinese,33,23,0.696969696969697
Chinese,35,26,0.7428571428571429
Chinese,43,30,0.6976744186046512
Chinese,57,47,0.8245614035087719
Chinese,49,39,0.7959183673469388
Chinese,65,49,0.7538461538461538
Chinese,83,54,0.6506024096385542
Chinese,85,58,0.6823529411764706
Chinese,76,54,0.7105263157894737
Chinese,49,31,0.6326530612244898
Chinese,49,32,0.6530612244897959
Chinese,44,28,0.6363636363636364
Chinese,55,39,0.7090909090909091
Chinese,46,34,0.7391304347826086
Chinese,45,33,0.7333333333333333
Chinese,29,21,0.7241379310344828
Chinese,21,17,0.8095238095238095
Chinese,22,16,0.7272727272727273
Chinese,64,42,0.65625
Chinese,62,41,0.6612903225806451
Chinese,63,41,0.6507936507936508
Chinese,66,50,0.7575757575757576
Chinese,60,45,0.75
Chinese,64,47,0.734375
Chinese,24,17,0.7083333333333334
Chinese,16,11,0.6875
Chinese,18,11,0.6111111111111112
Chinese,32,22,0.6875
Chinese,31,19,0.6129032258064516
Chinese,31,20,0.6451612903225806
Chinese,40,29,0.725
Chinese,34,24,0.7058823529411765
Chinese,37,24,0.6486486486486487
Chinese,20,14,0.7
Chinese,26,17,0.6538461538461539
Chinese,17,14,0.8235294117647058
Chinese,63,42,0.6666666666666666
Chinese,63,43,0.6825396825396826
Chinese,68,45,0.6617647058823529
Chinese,59,43,0.7288135593220338
Chinese,61,33,0.5409836065573771
Chinese,64,35,0.546875
Chinese,12,10,0.8333333333333334
Chinese,12,8,0.6666666666666666
Chinese,17,12,0.7058823529411765
Chinese,20,13,0.65
Chinese,20,14,0.7
Chinese,21,14,0.6666666666666666
Chinese,29,18,0.6206896551724138
Chinese,31,18,0.5806451612903226
Chinese,30,20,0.6666666666666666
Chinese,57,48,0.8421052631578947
Chinese,44,41,0.9318181818181818
Chinese,56,48,0.8571428571428571
Chinese,67,51,0.7611940298507462
Chinese,68,53,0.7794117647058824
Chinese,65,49,0.7538461538461538
Chinese,50,31,0.62
Chinese,49,30,0.6122448979591837
Chinese,52,32,0.6153846153846154
Chinese,21,13,0.6190476190476191
Chinese,27,15,0.5555555555555556
Chinese,25,15,0.6
Chinese,18,15,0.8333333333333334
Chinese,20,16,0.8
Chinese,21,18,0.8571428571428571
Chinese,19,10,0.5263157894736842
Chinese,15,9,0.6
Chinese,19,13,0.6842105263157895
Chinese,23,15,0.6521739130434783
Chinese,26,18,0.6923076923076923
Chinese,21,14,0.6666666666666666
Chinese,32,22,0.6875
Chinese,34,23,0.6764705882352942
Chinese,35,23,0.6571428571428571
Chinese,74,57,0.7702702702702703
Chinese,70,57,0.8142857142857143
Chinese,76,60,0.7894736842105263
Chinese,32,21,0.65625
Chinese,36,22,0.6111111111111112
Chinese,51,34,0.6666666666666666
Chinese,43,30,0.6976744186046512
Chinese,52,35,0.6730769230769231
Chinese,40,27,0.675
Chinese,17,13,0.7647058823529411
Chinese,20,15,0.75
Chinese,20,14,0.7
Chinese,78,52,0.6666666666666666
Chinese,63,41,0.6507936507936508
Chinese,68,46,0.6764705882352942
Chinese,49,33,0.673469387755102
Chinese,61,41,0.6721311475409836
Chinese,53,36,0.6792452830188679
Chinese,30,19,0.6333333333333333
Chinese,28,16,0.5714285714285714
Chinese,30,22,0.7333333333333333
Chinese,26,21,0.8076923076923077
Chinese,29,23,0.7931034482758621
Chinese,28,25,0.8928571428571429
Chinese,52,31,0.5961538461538461
Chinese,56,33,0.5892857142857143
Chinese,54,34,0.6296296296296297
Chinese,73,40,0.547945205479452
Chinese,66,36,0.5454545454545454
Chinese,67,35,0.5223880597014925
Chinese,67,43,0.6417910447761194
Chinese,65,40,0.6153846153846154
Chinese,65,43,0.6615384615384615
Chinese,28,15,0.5357142857142857
Chinese,27,15,0.5555555555555556
Chinese,40,27,0.675
Chinese,17,11,0.6470588235294118
Chinese,17,12,0.7058823529411765
Chinese,17,11,0.6470588235294118
Chinese,41,28,0.6829268292682927
Chinese,37,25,0.6756756756756757
Chinese,45,28,0.6222222222222222
Chinese,44,30,0.6818181818181818
Chinese,55,36,0.6545454545454545
Chinese,45,30,0.6666666666666666
Chinese,40,27,0.675
Chinese,44,28,0.6363636363636364
Chinese,45,29,0.6444444444444445
Chinese,59,39,0.6610169491525424
Chinese,49,32,0.6530612244897959
Chinese,47,29,0.6170212765957447
Chinese,37,30,0.8108108108108109
Chinese,43,32,0.7441860465116279
Chinese,40,31,0.775
Chinese,39,24,0.6153846153846154
Chinese,45,28,0.6222222222222222
Chinese,55,33,0.6
Chinese,30,21,0.7
Chinese,37,26,0.7027027027027027
Chinese,30,22,0.7333333333333333
Chinese,38,22,0.5789473684210527
Chinese,43,26,0.6046511627906976
Chinese,35,23,0.6571428571428571
Chinese,61,42,0.6885245901639344
Chinese,56,39,0.6964285714285714
Chinese,62,41,0.6612903225806451
Chinese,23,17,0.7391304347826086
Chinese,24,19,0.7916666666666666
Chinese,22,17,0.7727272727272727
Chinese,43,28,0.6511627906976745
Chinese,47,31,0.6595744680851063
Chinese,43,28,0.6511627906976745
Chinese,32,20,0.625
Chinese,31,20,0.6451612903225806
Chinese,37,24,0.6486486486486487
Chinese,24,19,0.7916666666666666
Chinese,36,25,0.6944444444444444
Chinese,32,22,0.6875
Chinese,35,21,0.6
Chinese,32,19,0.59375
Chinese,32,21,0.65625
Chinese,50,31,0.62
Chinese,59,35,0.5932203389830508
Chinese,52,32,0.6153846153846154
Chinese,63,42,0.6666666666666666
Chinese,62,43,0.6935483870967742
Chinese,67,46,0.6865671641791045
Chinese,56,37,0.6607142857142857
Chinese,53,34,0.6415094339622641
Chinese,47,31,0.6595744680851063
Chinese,47,32,0.6808510638297872
Chinese,54,36,0.6666666666666666
Chinese,61,44,0.7213114754098361
Chinese,25,15,0.6
Chinese,22,13,0.5909090909090909
Chinese,28,15,0.5357142857142857
Chinese,64,44,0.6875
Chinese,66,46,0.696969696969697
Chinese,65,44,0.676923076923077
Chinese,33,24,0.7272727272727273
Chinese,30,24,0.8
Chinese,35,25,0.7142857142857143
Chinese,38,21,0.5526315789473685
Chinese,46,25,0.5434782608695652
Chinese,35,20,0.5714285714285714
Chinese,40,25,0.625
Chinese,37,26,0.7027027027027027
Chinese,41,30,0.7317073170731707
Chinese,26,16,0.6153846153846154
Chinese,28,22,0.7857142857142857
Chinese,28,19,0.6785714285714286
Chinese,39,27,0.6923076923076923
Chinese,41,28,0.6829268292682927
Chinese,40,28,0.7
Chinese,46,31,0.6739130434782609
Chinese,48,31,0.6458333333333334
Chinese,54,33,0.6111111111111112
Chinese,62,39,0.6290322580645161
Chinese,51,31,0.6078431372549019
Chinese,59,37,0.6271186440677966
Chinese,59,43,0.7288135593220338
Chinese,61,47,0.7704918032786885
Chinese,51,39,0.7647058823529411
Chinese,20,11,0.55
Chinese,26,16,0.6153846153846154
Chinese,25,13,0.52
Chinese,28,20,0.7142857142857143
Chinese,23,18,0.782608695652174
Chinese,23,17,0.7391304347826086
Chinese,26,17,0.6538461538461539
Chinese,26,18,0.6923076923076923
Chinese,27,18,0.6666666666666666
Chinese,18,11,0.6111111111111112
Chinese,23,14,0.6086956521739131
Chinese,17,11,0.6470588235294118
Chinese,25,19,0.76
Chinese,26,18,0.6923076923076923
Chinese,34,23,0.6764705882352942
Chinese,29,20,0.6896551724137931
Chinese,17,13,0.7647058823529411
Chinese,18,15,0.8333333333333334
Chinese,23,20,0.8695652173913043
Chinese,25,20,0.8
Chinese,17,15,0.8823529411764706
Chinese,35,24,0.6857142857142857
Chinese,50,31,0.62
Chinese,35,21,0.6
Chinese,61,46,0.7540983606557377
Chinese,70,51,0.7285714285714285
Chinese,55,42,0.7636363636363637
Chinese,82,51,0.6219512195121951
Chinese,78,45,0.5769230769230769
Chinese,89,57,0.6404494382022472
Chinese,17,14,0.8235294117647058
Chinese,18,14,0.7777777777777778
Chinese,14,11,0.7857142857142857
Chinese,47,31,0.6595744680851063
Chinese,52,33,0.6346153846153846
Chinese,46,30,0.6521739130434783
Chinese,44,35,0.7954545454545454
Chinese,25,21,0.84
Chinese,24,20,0.8333333333333334
Chinese,24,17,0.7083333333333334
Chinese,24,17,0.7083333333333334
Chinese,17,13,0.7647058823529411
Chinese,79,44,0.5569620253164557
Chinese,71,40,0.5633802816901409
Chinese,72,42,0.5833333333333334
Chinese,80,46,0.575
Chinese,71,44,0.6197183098591549
Chinese,55,30,0.5454545454545454
Chinese,31,21,0.6774193548387096
Chinese,28,17,0.6071428571428571
Chinese,33,19,0.5757575757575758
Chinese,40,25,0.625
Chinese,34,24,0.7058823529411765
Chinese,23,17,0.7391304347826086
Chinese,18,16,0.8888888888888888
Chinese,24,18,0.75
Chinese,22,18,0.8181818181818182
Chinese,27,19,0.7037037037037037
Chinese,19,13,0.6842105263157895
Chinese,24,15,0.625
Chinese,34,24,0.7058823529411765
Chinese,36,26,0.7222222222222222
Chinese,35,24,0.6857142857142857
Chinese,51,34,0.6666666666666666
Chinese,54,33,0.6111111111111112
Chinese,61,40,0.6557377049180327
Chinese,27,16,0.5925925925925926
Chinese,38,21,0.5526315789473685
Chinese,30,18,0.6
Chinese,78,54,0.6923076923076923
Chinese,77,54,0.7012987012987013
Chinese,93,63,0.6774193548387096
Chinese,36,25,0.6944444444444444
Chinese,36,24,0.6666666666666666
Chinese,31,20,0.6451612903225806
Chinese,47,30,0.6382978723404256
Chinese,55,36,0.6545454545454545
Chinese,51,34,0.6666666666666666
Chinese,35,20,0.5714285714285714
Chinese,31,19,0.6129032258064516
Chinese,34,21,0.6176470588235294
Chinese,37,28,0.7567567567567568
Chinese,39,29,0.7435897435897436
Chinese,42,32,0.7619047619047619
Chinese,31,23,0.7419354838709677
Chinese,44,35,0.7954545454545454
Chinese,41,28,0.6829268292682927
Chinese,24,14,0.5833333333333334
Chinese,26,14,0.5384615384615384
Chinese,24,13,0.5416666666666666
Chinese,19,14,0.7368421052631579
Chinese,16,14,0.875
Chinese,17,14,0.8235294117647058
Chinese,24,22,0.9166666666666666
Chinese,19,17,0.8947368421052632
Chinese,31,25,0.8064516129032258
Chinese,43,33,0.7674418604651163
Chinese,46,36,0.782608695652174
Chinese,43,34,0.7906976744186046
Chinese,34,23,0.6764705882352942
Chinese,31,23,0.7419354838709677
Chinese,41,28,0.6829268292682927
Chinese,21,14,0.6666666666666666
Chinese,23,15,0.6521739130434783
Chinese,24,19,0.7916666666666666
Chinese,31,23,0.7419354838709677
Chinese,32,22,0.6875
Chinese,35,24,0.6857142857142857
Chinese,59,44,0.7457627118644068
Chinese,63,47,0.746031746031746
Chinese,61,45,0.7377049180327869
Chinese,47,34,0.723404255319149
Chinese,55,40,0.7272727272727273
Chinese,46,31,0.6739130434782609
Chinese,57,36,0.631578947368421
Chinese,59,36,0.6101694915254238
Chinese,55,35,0.6363636363636364
Chinese,29,20,0.6896551724137931
Chinese,27,20,0.7407407407407407
Chinese,30,23,0.7666666666666667
Chinese,26,16,0.6153846153846154
Chinese,28,17,0.6071428571428571
Chinese,29,17,0.5862068965517241
Chinese,49,36,0.7346938775510204
Chinese,52,37,0.7115384615384616
Chinese,50,36,0.72
Chinese,86,52,0.6046511627906976
Chinese,81,46,0.5679012345679012
Chinese,75,43,0.5733333333333334
Chinese,52,32,0.6153846153846154
Chinese,44,29,0.6590909090909091
Chinese,53,33,0.6226415094339622
Chinese,44,30,0.6818181818181818
Chinese,45,31,0.6888888888888889
Chinese,57,38,0.6666666666666666
Chinese,62,48,0.7741935483870968
Chinese,55,44,0.8
Chinese,56,43,0.7678571428571429
Chinese,34,27,0.7941176470588235
Chinese,41,29,0.7073170731707317
Chinese,38,30,0.7894736842105263
Chinese,40,23,0.575
Chinese,38,20,0.5263157894736842
Chinese,41,22,0.5365853658536586
Chinese,19,16,0.8421052631578947
Chinese,19,16,0.8421052631578947
Chinese,19,16,0.8421052631578947
Chinese,18,13,0.7222222222222222
Chinese,18,15,0.8333333333333334
Chinese,14,11,0.7857142857142857
Chinese,78,56,0.717948717948718
Chinese,62,44,0.7096774193548387
Chinese,70,49,0.7
Chinese,31,21,0.6774193548387096
Chinese,33,23,0.696969696969697
Chinese,38,25,0.6578947368421053
Chinese,51,33,0.6470588235294118
Chinese,48,29,0.6041666666666666
Chinese,50,33,0.66
Chinese,41,29,0.7073170731707317
Chinese,36,25,0.6944444444444444
Chinese,54,32,0.5925925925925926
Chinese,23,19,0.8260869565217391
Chinese,18,17,0.9444444444444444
Chinese,18,16,0.8888888888888888
Chinese,18,13,0.7222222222222222
Chinese,19,12,0.631578947368421
Chinese,17,12,0.7058823529411765
Chinese,55,32,0.5818181818181818
Chinese,60,35,0.5833333333333334
Chinese,54,32,0.5925925925925926
Chinese,52,33,0.6346153846153846
Chinese,46,30,0.6521739130434783
Chinese,46,33,0.717391304347826
Chinese,40,24,0.6
Chinese,36,20,0.5555555555555556
Chinese,42,25,0.5952380952380952
Chinese,39,28,0.717948717948718
Chinese,37,26,0.7027027027027027
Chinese,30,22,0.7333333333333333
Chinese,52,37,0.7115384615384616
Chinese,48,37,0.7708333333333334
Chinese,67,47,0.7014925373134329
Chinese,49,33,0.673469387755102
Chinese,59,37,0.6271186440677966
Chinese,70,46,0.6571428571428571
Chinese,50,35,0.7
Chinese,59,41,0.6949152542372882
Chinese,54,36,0.6666666666666666
Chinese,66,40,0.6060606060606061
Chinese,61,42,0.6885245901639344
Chinese,60,38,0.6333333333333333
Chinese,43,27,0.627906976744186
Chinese,39,25,0.6410256410256411
Chinese,37,24,0.6486486486486487
Chinese,28,16,0.5714285714285714
Chinese,26,15,0.5769230769230769
Chinese,29,16,0.5517241379310345
Chinese,23,15,0.6521739130434783
Chinese,28,20,0.7142857142857143
Chinese,33,23,0.696969696969697
Chinese,69,46,0.6666666666666666
Chinese,66,43,0.6515151515151515
Chinese,74,50,0.6756756756756757
Chinese,63,37,0.5873015873015873
Chinese,63,38,0.6031746031746031
Chinese,59,35,0.5932203389830508
Chinese,38,28,0.7368421052631579
Chinese,34,29,0.8529411764705882
Chinese,30,23,0.7666666666666667
Chinese,32,28,0.875
Chinese,42,35,0.8333333333333334
Chinese,33,28,0.8484848484848485
Chinese,48,30,0.625
Chinese,40,26,0.65
Chinese,45,30,0.6666666666666666
Chinese,28,17,0.6071428571428571
Chinese,27,13,0.48148148148148145
Chinese,23,13,0.5652173913043478
Chinese,53,31,0.5849056603773585
Chinese,61,37,0.6065573770491803
Chinese,47,28,0.5957446808510638
Chinese,8,9,1.125
Chinese,20,19,0.95
Chinese,12,10,0.8333333333333334
Chinese,32,25,0.78125
Chinese,26,22,0.8461538461538461
Chinese,38,29,0.7631578947368421
Chinese,26,18,0.6923076923076923
Chinese,33,21,0.6363636363636364
Chinese,31,22,0.7096774193548387
Chinese,25,15,0.6
Chinese,22,14,0.6363636363636364
Chinese,20,12,0.6
Chinese,35,21,0.6
Chinese,46,25,0.5434782608695652
Chinese,42,24,0.5714285714285714
Chinese,32,22,0.6875
Chinese,34,23,0.6764705882352942
Chinese,26,17,0.6538461538461539
Chinese,38,26,0.6842105263157895
Chinese,36,24,0.6666666666666666
Chinese,45,27,0.6
Chinese,51,31,0.6078431372549019
Chinese,44,31,0.7045454545454546
Chinese,40,27,0.675
Chinese,58,44,0.7586206896551724
Chinese,56,42,0.75
Chinese,52,38,0.7307692307692307
Chinese,33,26,0.7878787878787878
Chinese,35,24,0.6857142857142857
Chinese,32,23,0.71875
Chinese,44,37,0.8409090909090909
Chinese,50,38,0.76
Chinese,51,40,0.7843137254901961
Chinese,68,41,0.6029411764705882
Chinese,76,48,0.631578947368421
Chinese,66,43,0.6515151515151515
Chinese,22,20,0.9090909090909091
Chinese,27,22,0.8148148148148148
Chinese,21,16,0.7619047619047619
Chinese,15,9,0.6
Chinese,26,17,0.6538461538461539
Chinese,14,11,0.7857142857142857
Chinese,49,35,0.7142857142857143
Chinese,59,43,0.7288135593220338
Chinese,51,36,0.7058823529411765
Chinese,40,24,0.6
Chinese,40,23,0.575
Chinese,43,25,0.5813953488372093
Chinese,35,23,0.6571428571428571
Chinese,43,29,0.6744186046511628
Chinese,42,27,0.6428571428571429
Chinese,33,23,0.696969696969697
Chinese,30,23,0.7666666666666667
Chinese,35,25,0.7142857142857143
Chinese,52,36,0.6923076923076923
Chinese,62,42,0.6774193548387096
Chinese,60,43,0.7166666666666667
Chinese,66,42,0.6363636363636364
Chinese,58,38,0.6551724137931034
Chinese,62,40,0.6451612903225806
Chinese,60,36,0.6
Chinese,69,40,0.5797101449275363
Chinese,70,41,0.5857142857142857
Chinese,57,35,0.6140350877192983
Chinese,44,31,0.7045454545454546
Chinese,47,28,0.5957446808510638
Chinese,69,43,0.6231884057971014
Chinese,76,46,0.6052631578947368
Chinese,76,48,0.631578947368421
Chinese,43,24,0.5581395348837209
Chinese,36,18,0.5
Chinese,37,21,0.5675675675675675
Chinese,39,29,0.7435897435897436
Chinese,31,23,0.7419354838709677
Chinese,34,24,0.7058823529411765
Chinese,59,40,0.6779661016949152
Chinese,43,29,0.6744186046511628
Chinese,51,33,0.6470588235294118
Chinese,52,32,0.6153846153846154
Chinese,48,25,0.5208333333333334
Chinese,51,31,0.6078431372549019
Chinese,92,72,0.782608695652174
Chinese,92,73,0.7934782608695652
Chinese,95,74,0.7789473684210526
Chinese,45,31,0.6888888888888889
Chinese,48,31,0.6458333333333334
Chinese,50,34,0.68
Chinese,61,44,0.7213114754098361
Chinese,62,44,0.7096774193548387
Chinese,65,46,0.7076923076923077
Chinese,80,52,0.65
Chinese,62,40,0.6451612903225806
Chinese,56,36,0.6428571428571429
Chinese,59,42,0.711864406779661
Chinese,56,35,0.625
Chinese,47,30,0.6382978723404256
Chinese,46,31,0.6739130434782609
Chinese,36,26,0.7222222222222222
Chinese,40,26,0.65
Chinese,53,32,0.6037735849056604
Chinese,42,27,0.6428571428571429
Chinese,50,30,0.6
Chinese,50,31,0.62
Chinese,56,38,0.6785714285714286
Chinese,56,36,0.6428571428571429
Chinese,25,19,0.76
Chinese,29,20,0.6896551724137931
Chinese,29,20,0.6896551724137931
Chinese,44,32,0.7272727272727273
Chinese,46,36,0.782608695652174
Chinese,44,32,0.7272727272727273
Chinese,46,31,0.6739130434782609
Chinese,50,31,0.62
Chinese,42,29,0.6904761904761905
Chinese,57,32,0.5614035087719298
Chinese,57,40,0.7017543859649122
Chinese,56,38,0.6785714285714286
Chinese,57,29,0.5087719298245614
Chinese,42,24,0.5714285714285714
Chinese,44,25,0.5681818181818182
Chinese,75,42,0.56
Chinese,85,56,0.6588235294117647
Chinese,81,46,0.5679012345679012
Chinese,24,19,0.7916666666666666
Chinese,20,17,0.85
Chinese,28,22,0.7857142857142857
Chinese,45,30,0.6666666666666666
Chinese,45,32,0.7111111111111111
Chinese,46,31,0.6739130434782609
Chinese,39,28,0.717948717948718
Chinese,60,41,0.6833333333333333
Chinese,39,27,0.6923076923076923
Chinese,78,44,0.5641025641025641
Chinese,72,41,0.5694444444444444
Chinese,70,39,0.5571428571428572
Chinese,38,28,0.7368421052631579
Chinese,42,31,0.7380952380952381
Chinese,41,31,0.7560975609756098
Chinese,53,36,0.6792452830188679
Chinese,43,31,0.7209302325581395
Chinese,42,31,0.7380952380952381
Chinese,47,26,0.5531914893617021
Chinese,49,27,0.5510204081632653
Chinese,48,26,0.5416666666666666
Chinese,53,28,0.5283018867924528
Chinese,50,28,0.56
Chinese,48,28,0.5833333333333334
Chinese,30,20,0.6666666666666666
Chinese,29,19,0.6551724137931034
Chinese,28,18,0.6428571428571429
Chinese,45,39,0.8666666666666667
Chinese,38,29,0.7631578947368421
Chinese,38,30,0.7894736842105263
Chinese,38,26,0.6842105263157895
Chinese,39,28,0.717948717948718
Chinese,39,28,0.717948717948718
Chinese,25,19,0.76
Chinese,24,17,0.7083333333333334
Chinese,27,19,0.7037037037037037
Chinese,28,19,0.6785714285714286
Chinese,20,17,0.85
Chinese,27,20,0.7407407407407407
Chinese,50,39,0.78
Chinese,50,36,0.72
Chinese,45,36,0.8
Chinese,68,39,0.5735294117647058
Chinese,65,42,0.6461538461538462
Chinese,75,45,0.6
Chinese,52,38,0.7307692307692307
Chinese,52,35,0.6730769230769231
Chinese,53,39,0.7358490566037735
Chinese,60,36,0.6
Chinese,56,32,0.5714285714285714
Chinese,49,29,0.5918367346938775
Chinese,49,31,0.6326530612244898
Chinese,45,29,0.6444444444444445
Chinese,44,29,0.6590909090909091
Chinese,26,23,0.8846153846153846
Chinese,34,28,0.8235294117647058
Chinese,30,25,0.8333333333333334
Chinese,19,14,0.7368421052631579
Chinese,25,19,0.76
Chinese,25,21,0.84
Chinese,35,25,0.7142857142857143
Chinese,35,24,0.6857142857142857
Chinese,39,26,0.6666666666666666
Chinese,51,33,0.6470588235294118
Chinese,54,35,0.6481481481481481
Chinese,52,34,0.6538461538461539
Chinese,40,26,0.65
Chinese,30,20,0.6666666666666666
Chinese,29,20,0.6896551724137931
Chinese,51,36,0.7058823529411765
Chinese,51,37,0.7254901960784313
Chinese,50,36,0.72
Chinese,21,13,0.6190476190476191
Chinese,21,13,0.6190476190476191
Chinese,32,18,0.5625
Chinese,45,34,0.7555555555555555
Chinese,51,37,0.7254901960784313
Chinese,50,35,0.7
Chinese,35,26,0.7428571428571429
Chinese,44,30,0.6818181818181818
Chinese,41,28,0.6829268292682927
Chinese,122,63,0.5163934426229508
Chinese,125,66,0.528
Chinese,122,65,0.5327868852459017
Chinese,22,19,0.8636363636363636
Chinese,32,23,0.71875
Chinese,26,22,0.8461538461538461
Chinese,39,27,0.6923076923076923
Chinese,37,28,0.7567567567567568
Chinese,41,28,0.6829268292682927
Chinese,43,30,0.6976744186046512
Chinese,42,29,0.6904761904761905
Chinese,39,27,0.6923076923076923
Chinese,77,48,0.6233766233766234
Chinese,79,50,0.6329113924050633
Chinese,73,47,0.6438356164383562
Chinese,69,49,0.7101449275362319
Chinese,73,51,0.6986301369863014
Chinese,80,56,0.7
Chinese,61,37,0.6065573770491803
Chinese,56,34,0.6071428571428571
Chinese,53,32,0.6037735849056604
Chinese,49,32,0.6530612244897959
Chinese,58,36,0.6206896551724138
Chinese,49,32,0.6530612244897959
Chinese,54,36,0.6666666666666666
Chinese,41,28,0.6829268292682927
Chinese,45,33,0.7333333333333333
Chinese,44,25,0.5681818181818182
Chinese,37,21,0.5675675675675675
Chinese,32,19,0.59375
Chinese,38,25,0.6578947368421053
Chinese,38,24,0.631578947368421
Chinese,39,24,0.6153846153846154
Chinese,69,48,0.6956521739130435
Chinese,74,47,0.6351351351351351
Chinese,63,43,0.6825396825396826
Chinese,37,20,0.5405405405405406
Chinese,52,30,0.5769230769230769
Chinese,42,25,0.5952380952380952
Chinese,67,33,0.4925373134328358
Chinese,46,21,0.45652173913043476
Chinese,48,24,0.5
Chinese,65,45,0.6923076923076923
Chinese,64,43,0.671875
Chinese,64,40,0.625
Chinese,63,36,0.5714285714285714
Chinese,57,32,0.5614035087719298
Chinese,56,32,0.5714285714285714
Chinese,73,44,0.6027397260273972
Chinese,68,40,0.5882352941176471
Chinese,69,42,0.6086956521739131
Chinese,60,40,0.6666666666666666
Chinese,72,48,0.6666666666666666
Chinese,67,42,0.6268656716417911
Chinese,52,43,0.8269230769230769
Chinese,42,35,0.8333333333333334
Chinese,45,39,0.8666666666666667
Chinese,30,23,0.7666666666666667
Chinese,22,19,0.8636363636363636
Chinese,20,17,0.85
Chinese,33,22,0.6666666666666666
Chinese,41,25,0.6097560975609756
Chinese,33,22,0.6666666666666666
Chinese,31,22,0.7096774193548387
Chinese,38,26,0.6842105263157895
Chinese,41,27,0.6585365853658537
Chinese,76,50,0.6578947368421053
Chinese,72,47,0.6527777777777778
Chinese,80,52,0.65
Chinese,85,57,0.6705882352941176
Chinese,94,61,0.648936170212766
Chinese,82,60,0.7317073170731707
Chinese,95,51,0.5368421052631579
Chinese,99,54,0.5454545454545454
Chinese,90,57,0.6333333333333333
Chinese,61,37,0.6065573770491803
Chinese,65,41,0.6307692307692307
Chinese,54,37,0.6851851851851852
Chinese,77,52,0.6753246753246753
Chinese,64,42,0.65625
Chinese,67,44,0.6567164179104478
Chinese,50,32,0.64
Chinese,53,34,0.6415094339622641
Chinese,43,29,0.6744186046511628
Chinese,65,38,0.5846153846153846
Chinese,67,43,0.6417910447761194
Chinese,64,39,0.609375
Chinese,49,35,0.7142857142857143
Chinese,49,33,0.673469387755102
Chinese,49,36,0.7346938775510204
Chinese,42,28,0.6666666666666666
Chinese,44,30,0.6818181818181818
Chinese,41,28,0.6829268292682927
Chinese,71,40,0.5633802816901409
Chinese,70,42,0.6
Chinese,84,45,0.5357142857142857
Chinese,79,48,0.6075949367088608
Chinese,85,49,0.5764705882352941
Chinese,81,51,0.6296296296296297
Chinese,31,23,0.7419354838709677
Chinese,25,21,0.84
Chinese,23,18,0.782608695652174
Chinese,45,35,0.7777777777777778
Chinese,46,36,0.782608695652174
Chinese,45,35,0.7777777777777778
Chinese,21,12,0.5714285714285714
Chinese,14,9,0.6428571428571429
Chinese,29,18,0.6206896551724138
Chinese,22,21,0.9545454545454546
Chinese,28,24,0.8571428571428571
Chinese,25,23,0.92
Chinese,51,37,0.7254901960784313
Chinese,39,26,0.6666666666666666
Chinese,34,25,0.7352941176470589
Chinese,62,43,0.6935483870967742
Chinese,51,40,0.7843137254901961
Chinese,56,41,0.7321428571428571
Chinese,38,33,0.868421052631579
Chinese,46,38,0.8260869565217391
Chinese,33,30,0.9090909090909091
Chinese,66,48,0.7272727272727273
Chinese,74,54,0.7297297297297297
Chinese,77,54,0.7012987012987013
Chinese,71,43,0.6056338028169014
Chinese,81,46,0.5679012345679012
Chinese,82,54,0.6585365853658537
Chinese,62,45,0.7258064516129032
Chinese,54,42,0.7777777777777778
Chinese,58,43,0.7413793103448276
Chinese,45,35,0.7777777777777778
Chinese,52,37,0.7115384615384616
Chinese,50,37,0.74
Chinese,34,19,0.5588235294117647
Chinese,24,19,0.7916666666666666
Chinese,23,15,0.6521739130434783
Chinese,83,53,0.6385542168674698
Chinese,67,51,0.7611940298507462
Chinese,50,39,0.78
Chinese,48,33,0.6875
Chinese,45,32,0.7111111111111111
Chinese,41,31,0.7560975609756098
Chinese,52,38,0.7307692307692307
Chinese,57,39,0.6842105263157895
Chinese,59,45,0.7627118644067796
Chinese,53,37,0.6981132075471698
Chinese,51,36,0.7058823529411765
Chinese,57,40,0.7017543859649122
Chinese,27,17,0.6296296296296297
Chinese,24,20,0.8333333333333334
Chinese,40,24,0.6
Chinese,47,32,0.6808510638297872
Chinese,50,33,0.66
Chinese,41,25,0.6097560975609756
Chinese,61,45,0.7377049180327869
Chinese,63,46,0.7301587301587301
Chinese,75,52,0.6933333333333334
Chinese,52,36,0.6923076923076923
Chinese,52,38,0.7307692307692307
Chinese,49,37,0.7551020408163265
Chinese,33,23,0.696969696969697
Chinese,35,23,0.6571428571428571
Chinese,40,29,0.725
Chinese,17,14,0.8235294117647058
Chinese,27,20,0.7407407407407407
Chinese,18,13,0.7222222222222222
Chinese,30,23,0.7666666666666667
Chinese,19,15,0.7894736842105263
Chinese,22,19,0.8636363636363636
Chinese,27,21,0.7777777777777778
Chinese,28,20,0.7142857142857143
Chinese,26,20,0.7692307692307693
Chinese,38,26,0.6842105263157895
Chinese,34,25,0.7352941176470589
Chinese,36,27,0.75
Chinese,38,21,0.5526315789473685
Chinese,26,14,0.5384615384615384
Chinese,26,16,0.6153846153846154
Chinese,61,41,0.6721311475409836
Chinese,55,39,0.7090909090909091
Chinese,66,47,0.7121212121212122
Chinese,25,19,0.76
Chinese,31,23,0.7419354838709677
Chinese,38,24,0.631578947368421
Chinese,97,56,0.5773195876288659
Chinese,81,53,0.654320987654321
Chinese,81,55,0.6790123456790124
Chinese,61,42,0.6885245901639344
Chinese,49,35,0.7142857142857143
Chinese,46,33,0.717391304347826
Chinese,40,27,0.675
Chinese,42,29,0.6904761904761905
Chinese,39,28,0.717948717948718
Chinese,40,26,0.65
Chinese,41,25,0.6097560975609756
Chinese,38,25,0.6578947368421053
Chinese,23,16,0.6956521739130435
Chinese,30,21,0.7
Chinese,31,19,0.6129032258064516
Chinese,27,19,0.7037037037037037
Chinese,29,20,0.6896551724137931
Chinese,25,17,0.68
Chinese,50,34,0.68
Chinese,54,42,0.7777777777777778
Chinese,43,32,0.7441860465116279
Chinese,25,19,0.76
Chinese,25,19,0.76
Chinese,27,21,0.7777777777777778
Chinese,38,29,0.7631578947368421
Chinese,41,29,0.7073170731707317
Chinese,37,29,0.7837837837837838
Chinese,48,29,0.6041666666666666
Chinese,44,33,0.75
Chinese,42,28,0.6666666666666666
Chinese,58,45,0.7758620689655172
Chinese,52,39,0.75
Chinese,54,41,0.7592592592592593
Chinese,33,26,0.7878787878787878
Chinese,32,24,0.75
Chinese,30,23,0.7666666666666667
Chinese,19,14,0.7368421052631579
Chinese,23,15,0.6521739130434783
Chinese,18,14,0.7777777777777778
Chinese,36,22,0.6111111111111112
Chinese,32,21,0.65625
Chinese,31,20,0.6451612903225806
Chinese,29,22,0.7586206896551724
Chinese,30,21,0.7
Chinese,28,22,0.7857142857142857
Chinese,24,15,0.625
Chinese,22,14,0.6363636363636364
Chinese,22,16,0.7272727272727273
Chinese,54,36,0.6666666666666666
Chinese,58,34,0.5862068965517241
Chinese,51,32,0.6274509803921569
Chinese,22,13,0.5909090909090909
Chinese,20,13,0.65
Chinese,23,13,0.5652173913043478
Chinese,47,34,0.723404255319149
Chinese,64,45,0.703125
Chinese,50,33,0.66
Chinese,31,19,0.6129032258064516
Chinese,23,16,0.6956521739130435
Chinese,25,16,0.64
Chinese,42,33,0.7857142857142857
Chinese,54,42,0.7777777777777778
Chinese,42,29,0.6904761904761905
Chinese,38,36,0.9473684210526315
Chinese,29,31,1.0689655172413792
Chinese,32,35,1.09375
Chinese,36,27,0.75
Chinese,35,28,0.8
Chinese,37,28,0.7567567567567568
Chinese,37,31,0.8378378378378378
Chinese,23,21,0.9130434782608695
Chinese,30,23,0.7666666666666667
Chinese,18,11,0.6111111111111112
Chinese,18,11,0.6111111111111112
Chinese,25,15,0.6
Chinese,65,36,0.5538461538461539
Chinese,56,32,0.5714285714285714
Chinese,54,36,0.6666666666666666
Chinese,49,33,0.673469387755102
Chinese,38,26,0.6842105263157895
Chinese,38,26,0.6842105263157895
Chinese,48,38,0.7916666666666666
Chinese,44,32,0.7272727272727273
Chinese,44,32,0.7272727272727273
Chinese,35,17,0.4857142857142857
Chinese,31,19,0.6129032258064516
Chinese,42,19,0.4523809523809524
Chinese,51,40,0.7843137254901961
Chinese,43,33,0.7674418604651163
Chinese,52,37,0.7115384615384616
Chinese,42,29,0.6904761904761905
Chinese,41,27,0.6585365853658537
Chinese,45,31,0.6888888888888889
Chinese,56,44,0.7857142857142857
Chinese,70,49,0.7
Chinese,71,53,0.7464788732394366
Chinese,28,23,0.8214285714285714
Chinese,23,20,0.8695652173913043
Chinese,28,22,0.7857142857142857
Chinese,47,30,0.6382978723404256
Chinese,50,30,0.6
Chinese,61,37,0.6065573770491803
Chinese,20,12,0.6
Chinese,25,17,0.68
Chinese,21,15,0.7142857142857143
Chinese,25,19,0.76
Chinese,23,16,0.6956521739130435
Chinese,24,18,0.75
Chinese,50,35,0.7
Chinese,45,29,0.6444444444444445
Chinese,43,29,0.6744186046511628
Chinese,66,38,0.5757575757575758
Chinese,79,52,0.6582278481012658
Chinese,56,35,0.625
Chinese,32,24,0.75
Chinese,24,19,0.7916666666666666
Chinese,31,23,0.7419354838709677
Chinese,78,54,0.6923076923076923
Chinese,78,55,0.7051282051282052
Chinese,82,57,0.6951219512195121
Chinese,26,17,0.6538461538461539
Chinese,27,17,0.6296296296296297
Chinese,24,14,0.5833333333333334
Chinese,53,33,0.6226415094339622
Chinese,52,33,0.6346153846153846
Chinese,54,35,0.6481481481481481
Chinese,44,29,0.6590909090909091
Chinese,34,25,0.7352941176470589
Chinese,26,22,0.8461538461538461
Chinese,68,50,0.7352941176470589
Chinese,57,44,0.7719298245614035
Chinese,85,57,0.6705882352941176
Chinese,57,43,0.7543859649122807
Chinese,63,47,0.746031746031746
Chinese,57,45,0.7894736842105263
Chinese,46,32,0.6956521739130435
Chinese,30,23,0.7666666666666667
Chinese,33,26,0.7878787878787878
Chinese,57,36,0.631578947368421
Chinese,56,38,0.6785714285714286
Chinese,60,41,0.6833333333333333
Chinese,40,27,0.675
Chinese,42,27,0.6428571428571429
Chinese,43,26,0.6046511627906976
Chinese,50,32,0.64
Chinese,41,26,0.6341463414634146
Chinese,45,27,0.6
Chinese,51,36,0.7058823529411765
Chinese,47,33,0.7021276595744681
Chinese,47,32,0.6808510638297872
Chinese,58,37,0.6379310344827587
Chinese,40,26,0.65
Chinese,34,24,0.7058823529411765
Chinese,28,21,0.75
Chinese,40,28,0.7
Chinese,28,21,0.75
Chinese,24,18,0.75
Chinese,26,21,0.8076923076923077
Chinese,32,23,0.71875
Chinese,69,48,0.6956521739130435
Chinese,65,48,0.7384615384615385
Chinese,63,44,0.6984126984126984
Chinese,46,25,0.5434782608695652
Chinese,54,27,0.5
Chinese,43,25,0.5813953488372093
Chinese,19,16,0.8421052631578947
Chinese,20,15,0.75
Chinese,23,17,0.7391304347826086
Chinese,61,45,0.7377049180327869
Chinese,61,42,0.6885245901639344
Chinese,56,43,0.7678571428571429
Chinese,31,22,0.7096774193548387
Chinese,30,22,0.7333333333333333
Chinese,34,24,0.7058823529411765
Chinese,63,44,0.6984126984126984
Chinese,67,45,0.6716417910447762
Chinese,64,44,0.6875
Chinese,46,40,0.8695652173913043
Korean,11,33,3.0
Korean,10,21,2.1
Korean,11,22,2.0
Korean,9,22,2.4444444444444446
Korean,12,33,2.75
Korean,10,30,3.0
Korean,9,29,3.2222222222222223
Korean,26,68,2.6153846153846154
Korean,24,66,2.75
Korean,21,58,2.761904761904762
Korean,22,55,2.5
Korean,22,57,2.590909090909091
Korean,22,54,2.4545454545454546
Korean,13,30,2.3076923076923075
Korean,14,30,2.142857142857143
Korean,10,24,2.4
Korean,24,72,3.0
Korean,22,64,2.909090909090909
Korean,19,55,2.8947368421052633
Korean,16,54,3.375
Korean,22,59,2.6818181818181817
Korean,21,61,2.9047619047619047
Korean,27,63,2.3333333333333335
Korean,28,66,2.357142857142857
Korean,25,59,2.36
Korean,17,50,2.9411764705882355
Korean,22,62,2.8181818181818183
Korean,20,60,3.0
Korean,15,35,2.3333333333333335
Korean,11,29,2.6363636363636362
Korean,14,36,2.5714285714285716
Korean,29,73,2.5172413793103448
Korean,27,68,2.5185185185185186
Korean,26,68,2.6153846153846154
Korean,16,41,2.5625
Korean,16,43,2.6875
Korean,17,45,2.6470588235294117
Korean,19,59,3.1052631578947367
Korean,20,57,2.85
Korean,19,59,3.1052631578947367
Korean,17,42,2.4705882352941178
Korean,17,40,2.3529411764705883
Korean,20,42,2.1
Korean,15,28,1.8666666666666667
Korean,15,29,1.9333333333333333
Korean,12,21,1.75
Korean,18,39,2.1666666666666665
Korean,18,40,2.2222222222222223
Korean,16,37,2.3125
Korean,16,35,2.1875
Korean,16,34,2.125
Korean,17,36,2.1176470588235294
Korean,42,90,2.142857142857143
Korean,42,90,2.142857142857143
Korean,42,90,2.142857142857143
Korean,7,22,3.142857142857143
Korean,7,22,3.142857142857143
Korean,7,22,3.142857142857143
Korean,19,46,2.4210526315789473
Korean,19,44,2.3157894736842106
Korean,17,46,2.7058823529411766
Korean,23,57,2.4782608695652173
Korean,25,65,2.6
Korean,23,61,2.652173913043478
Korean,13,38,2.923076923076923
Korean,15,43,2.8666666666666667
Korean,15,39,2.6
Korean,25,51,2.04
Korean,29,57,1.9655172413793103
Korean,29,56,1.9310344827586208
Korean,24,59,2.4583333333333335
Korean,22,57,2.590909090909091
Korean,20,52,2.6
Korean,22,55,2.5
Korean,23,55,2.391304347826087
Korean,25,63,2.52
Korean,18,42,2.3333333333333335
Korean,18,42,2.3333333333333335
Korean,17,40,2.3529411764705883
Korean,14,35,2.5
Korean,16,38,2.375
Korean,15,35,2.3333333333333335
Korean,17,45,2.6470588235294117
Korean,18,41,2.2777777777777777
Korean,17,40,2.3529411764705883
Korean,40,89,2.225
Korean,40,87,2.175
Korean,40,89,2.225
Korean,11,38,3.4545454545454546
Korean,10,36,3.6
Korean,11,36,3.272727272727273
Korean,8,30,3.75
Korean,9,31,3.4444444444444446
Korean,7,27,3.857142857142857
Korean,8,21,2.625
Korean,10,23,2.3
Korean,9,24,2.6666666666666665
Korean,21,67,3.1904761904761907
Korean,24,73,3.0416666666666665
Korean,25,77,3.08
Korean,18,37,2.0555555555555554
Korean,15,32,2.1333333333333333
Korean,15,28,1.8666666666666667
Korean,19,51,2.6842105263157894
Korean,28,78,2.7857142857142856
Korean,17,48,2.823529411764706
Korean,18,43,2.388888888888889
Korean,19,42,2.210526315789474
Korean,16,40,2.5
Korean,11,26,2.3636363636363638
Korean,10,25,2.5
Korean,10,26,2.6
Korean,11,25,2.272727272727273
Korean,12,22,1.8333333333333333
Korean,10,23,2.3
Korean,11,27,2.4545454545454546
Korean,10,27,2.7
Korean,12,28,2.3333333333333335
Korean,14,32,2.2857142857142856
Korean,13,33,2.5384615384615383
Korean,14,33,2.357142857142857
Korean,22,50,2.272727272727273
Korean,21,48,2.2857142857142856
Korean,22,48,2.1818181818181817
Korean,24,43,1.7916666666666667
Korean,25,48,1.92
Korean,26,49,1.8846153846153846
Korean,20,44,2.2
Korean,17,40,2.3529411764705883
Korean,18,42,2.3333333333333335
Korean,11,27,2.4545454545454546
Korean,9,23,2.5555555555555554
Korean,10,23,2.3
Korean,14,33,2.357142857142857
Korean,14,33,2.357142857142857
Korean,13,28,2.1538461538461537
Korean,8,25,3.125
Korean,8,25,3.125
Korean,8,26,3.25
Korean,19,57,3.0
Korean,20,57,2.85
Korean,18,52,2.888888888888889
Korean,9,28,3.111111111111111
Korean,9,26,2.888888888888889
Korean,12,36,3.0
Korean,8,27,3.375
Korean,9,28,3.111111111111111
Korean,7,24,3.4285714285714284
Korean,31,69,2.225806451612903
Korean,22,54,2.4545454545454546
Korean,33,74,2.242424242424242
Korean,9,21,2.3333333333333335
Korean,9,21,2.3333333333333335
Korean,9,23,2.5555555555555554
Korean,11,24,2.1818181818181817
Korean,9,20,2.2222222222222223
Korean,11,22,2.0
Korean,20,48,2.4
Korean,19,48,2.526315789473684
Korean,19,49,2.5789473684210527
Korean,20,51,2.55
Korean,19,54,2.8421052631578947
Korean,21,53,2.5238095238095237
Korean,19,50,2.6315789473684212
Korean,20,52,2.6
Korean,18,51,2.8333333333333335
Korean,13,33,2.5384615384615383
Korean,16,35,2.1875
Korean,13,32,2.4615384615384617
Korean,21,40,1.9047619047619047
Korean,22,43,1.9545454545454546
Korean,21,42,2.0
Korean,8,24,3.0
Korean,7,24,3.4285714285714284
Korean,9,23,2.5555555555555554
Korean,12,30,2.5
Korean,13,29,2.230769230769231
Korean,17,32,1.8823529411764706
Korean,12,31,2.5833333333333335
Korean,9,28,3.111111111111111
Korean,10,28,2.8
Korean,18,41,2.2777777777777777
Korean,19,44,2.3157894736842106
Korean,20,46,2.3
Korean,15,35,2.3333333333333335
Korean,13,33,2.5384615384615383
Korean,13,31,2.3846153846153846
Korean,10,19,1.9
Korean,11,20,1.8181818181818181
Korean,10,21,2.1
Korean,10,24,2.4
Korean,10,24,2.4
Korean,10,25,2.5
Korean,13,35,2.6923076923076925
Korean,13,33,2.5384615384615383
Korean,14,36,2.5714285714285716
Korean,20,48,2.4
Korean,21,47,2.238095238095238
Korean,20,46,2.3
Korean,10,23,2.3
Korean,12,25,2.0833333333333335
Korean,7,17,2.4285714285714284
Korean,15,35,2.3333333333333335
Korean,15,34,2.2666666666666666
Korean,15,34,2.2666666666666666
Korean,17,49,2.8823529411764706
Korean,17,49,2.8823529411764706
Korean,16,46,2.875
Korean,14,27,1.9285714285714286
Korean,17,31,1.8235294117647058
Korean,13,25,1.9230769230769231
Korean,19,37,1.9473684210526316
Korean,19,37,1.9473684210526316
Korean,18,39,2.1666666666666665
Korean,13,37,2.8461538461538463
Korean,10,27,2.7
Korean,11,34,3.090909090909091
Korean,15,34,2.2666666666666666
Korean,14,33,2.357142857142857
Korean,14,34,2.4285714285714284
Korean,10,21,2.1
Korean,9,23,2.5555555555555554
Korean,9,21,2.3333333333333335
Korean,13,24,1.8461538461538463
Korean,12,24,2.0
Korean,12,25,2.0833333333333335
Korean,14,40,2.857142857142857
Korean,13,39,3.0
Korean,14,40,2.857142857142857
Korean,7,23,3.2857142857142856
Korean,7,21,3.0
Korean,8,25,3.125
Korean,26,64,2.4615384615384617
Korean,27,68,2.5185185185185186
Korean,26,60,2.3076923076923075
Korean,21,62,2.9523809523809526
Korean,20,57,2.85
Korean,22,58,2.6363636363636362
Korean,7,17,2.4285714285714284
Korean,8,18,2.25
Korean,12,22,1.8333333333333333
Korean,9,22,2.4444444444444446
Korean,11,28,2.5454545454545454
Korean,8,20,2.5
Korean,10,24,2.4
Korean,12,25,2.0833333333333335
Korean,12,27,2.25
Korean,8,22,2.75
Korean,8,22,2.75
Korean,9,23,2.5555555555555554
Korean,24,53,2.2083333333333335
Korean,24,54,2.25
Korean,23,53,2.3043478260869565
Korean,22,44,2.0
Korean,20,45,2.25
Korean,20,42,2.1
Korean,20,44,2.2
Korean,19,44,2.3157894736842106
Korean,20,45,2.25
Korean,18,32,1.7777777777777777
Korean,17,33,1.9411764705882353
Korean,18,32,1.7777777777777777
Korean,15,28,1.8666666666666667
Korean,16,29,1.8125
Korean,15,28,1.8666666666666667
Korean,20,52,2.6
Korean,19,54,2.8421052631578947
Korean,19,51,2.6842105263157894
Korean,13,29,2.230769230769231
Korean,11,26,2.3636363636363638
Korean,14,29,2.0714285714285716
Korean,25,54,2.16
Korean,24,53,2.2083333333333335
Korean,26,57,2.1923076923076925
Korean,18,48,2.6666666666666665
Korean,17,45,2.6470588235294117
Korean,17,48,2.823529411764706
Korean,14,31,2.2142857142857144
Korean,13,29,2.230769230769231
Korean,12,29,2.4166666666666665
Korean,20,40,2.0
Korean,20,42,2.1
Korean,19,39,2.0526315789473686
Korean,22,48,2.1818181818181817
Korean,25,55,2.2
Korean,21,44,2.0952380952380953
Korean,22,48,2.1818181818181817
Korean,21,50,2.380952380952381
Korean,20,47,2.35
Korean,22,46,2.090909090909091
Korean,21,51,2.4285714285714284
Korean,23,49,2.130434782608696
Korean,24,60,2.5
Korean,24,59,2.4583333333333335
Korean,24,58,2.4166666666666665
Korean,22,59,2.6818181818181817
Korean,23,57,2.4782608695652173
Korean,24,64,2.6666666666666665
Korean,22,56,2.5454545454545454
Korean,21,55,2.619047619047619
Korean,19,50,2.6315789473684212
Korean,13,28,2.1538461538461537
Korean,14,27,1.9285714285714286
Korean,12,26,2.1666666666666665
Korean,17,37,2.176470588235294
Korean,17,35,2.0588235294117645
Korean,15,31,2.066666666666667
Korean,21,64,3.0476190476190474
Korean,18,61,3.388888888888889
Korean,17,58,3.411764705882353
Korean,21,52,2.4761904761904763
Korean,15,38,2.533333333333333
Korean,19,49,2.5789473684210527
Korean,13,37,2.8461538461538463
Korean,13,37,2.8461538461538463
Korean,13,39,3.0
Korean,18,44,2.4444444444444446
Korean,15,37,2.466666666666667
Korean,15,37,2.466666666666667
Korean,12,30,2.5
Korean,12,29,2.4166666666666665
Korean,13,30,2.3076923076923075
Korean,8,20,2.5
Korean,8,20,2.5
Korean,9,22,2.4444444444444446
Korean,32,63,1.96875
Korean,33,64,1.9393939393939394
Korean,32,61,1.90625
Korean,12,33,2.75
Korean,16,41,2.5625
Korean,13,33,2.5384615384615383
Korean,17,42,2.4705882352941178
Korean,13,34,2.6153846153846154
Korean,15,38,2.533333333333333
Korean,21,46,2.1904761904761907
Korean,22,43,1.9545454545454546
Korean,22,44,2.0
Korean,13,28,2.1538461538461537
Korean,12,21,1.75
Korean,12,25,2.0833333333333335
Korean,10,23,2.3
Korean,9,19,2.111111111111111
Korean,8,19,2.375
Korean,12,22,1.8333333333333333
Korean,9,21,2.3333333333333335
Korean,9,21,2.3333333333333335
Korean,22,48,2.1818181818181817
Korean,20,42,2.1
Korean,20,45,2.25
Korean,14,33,2.357142857142857
Korean,16,37,2.3125
Korean,14,39,2.7857142857142856
Korean,11,26,2.3636363636363638
Korean,12,31,2.5833333333333335
Korean,10,31,3.1
Korean,19,51,2.6842105263157894
Korean,19,49,2.5789473684210527
Korean,16,44,2.75
Korean,21,60,2.857142857142857
Korean,20,62,3.1
Korean,21,65,3.0952380952380953
Korean,12,41,3.4166666666666665
Korean,11,39,3.5454545454545454
Korean,12,41,3.4166666666666665
Korean,14,39,2.7857142857142856
Korean,12,31,2.5833333333333335
Korean,15,42,2.8
Korean,24,59,2.4583333333333335
Korean,21,58,2.761904761904762
Korean,22,60,2.727272727272727
Korean,23,54,2.347826086956522
Korean,22,53,2.409090909090909
Korean,22,56,2.5454545454545454
Korean,10,24,2.4
Korean,8,19,2.375
Korean,8,19,2.375
Korean,13,33,2.5384615384615383
Korean,10,26,2.6
Korean,13,29,2.230769230769231
Korean,10,24,2.4
Korean,13,30,2.3076923076923075
Korean,12,29,2.4166666666666665
Korean,15,35,2.3333333333333335
Korean,13,32,2.4615384615384617
Korean,14,32,2.2857142857142856
Korean,19,49,2.5789473684210527
Korean,18,47,2.611111111111111
Korean,18,48,2.6666666666666665
Korean,26,64,2.4615384615384617
Korean,25,58,2.32
Korean,25,58,2.32
Korean,26,49,1.8846153846153846
Korean,25,45,1.8
Korean,26,48,1.8461538461538463
Korean,22,63,2.8636363636363638
Korean,21,62,2.9523809523809526
Korean,19,55,2.8947368421052633
Korean,27,64,2.3703703703703702
Korean,25,58,2.32
Korean,26,60,2.3076923076923075
Korean,15,39,2.6
Korean,16,40,2.5
Korean,15,38,2.533333333333333
Korean,22,65,2.9545454545454546
Korean,29,78,2.689655172413793
Korean,20,58,2.9
Korean,14,28,2.0
Korean,17,34,2.0
Korean,19,38,2.0
Korean,21,62,2.9523809523809526
Korean,22,54,2.4545454545454546
Korean,21,51,2.4285714285714284
Korean,24,65,2.7083333333333335
Korean,22,59,2.6818181818181817
Korean,23,64,2.782608695652174
Korean,24,49,2.0416666666666665
Korean,28,57,2.0357142857142856
Korean,22,48,2.1818181818181817
Korean,27,69,2.5555555555555554
Korean,26,68,2.6153846153846154
Korean,25,71,2.84
Korean,23,55,2.391304347826087
Korean,24,60,2.5
Korean,22,53,2.409090909090909
Korean,11,21,1.9090909090909092
Korean,16,30,1.875
Korean,11,20,1.8181818181818181
Korean,27,59,2.185185185185185
Korean,24,56,2.3333333333333335
Korean,24,54,2.25
Korean,25,55,2.2
Korean,26,58,2.230769230769231
Korean,25,55,2.2
Korean,15,23,1.5333333333333334
Korean,17,29,1.7058823529411764
Korean,16,27,1.6875
Korean,7,20,2.857142857142857
Korean,7,20,2.857142857142857
Korean,6,19,3.1666666666666665
Korean,19,51,2.6842105263157894
Korean,18,45,2.5
Korean,19,49,2.5789473684210527
Korean,9,17,1.8888888888888888
Korean,9,16,1.7777777777777777
Korean,8,16,2.0
Korean,14,25,1.7857142857142858
Korean,16,31,1.9375
Korean,17,29,1.7058823529411764
Korean,21,51,2.4285714285714284
Korean,20,49,2.45
Korean,22,51,2.3181818181818183
Korean,20,41,2.05
Korean,25,56,2.24
Korean,18,37,2.0555555555555554
Korean,26,75,2.8846153846153846
Korean,25,72,2.88
Korean,22,68,3.090909090909091
Korean,24,55,2.2916666666666665
Korean,23,56,2.4347826086956523
Korean,29,63,2.1724137931034484
Korean,9,21,2.3333333333333335
Korean,9,25,2.7777777777777777
Korean,11,28,2.5454545454545454
Korean,18,54,3.0
Korean,17,52,3.0588235294117645
Korean,18,53,2.9444444444444446
Korean,21,50,2.380952380952381
Korean,19,48,2.526315789473684
Korean,22,54,2.4545454545454546
Korean,20,36,1.8
Korean,19,39,2.0526315789473686
Korean,16,30,1.875
Korean,9,31,3.4444444444444446
Korean,9,28,3.111111111111111
Korean,8,26,3.25
Korean,12,20,1.6666666666666667
Korean,11,19,1.7272727272727273
Korean,11,21,1.9090909090909092
Korean,11,21,1.9090909090909092
Korean,11,21,1.9090909090909092
Korean,12,22,1.8333333333333333
Korean,8,22,2.75
Korean,8,20,2.5
Korean,9,19,2.111111111111111
Korean,18,36,2.0
Korean,19,38,2.0
Korean,18,32,1.7777777777777777
Korean,24,58,2.4166666666666665
Korean,23,56,2.4347826086956523
Korean,25,63,2.52
Korean,22,48,2.1818181818181817
Korean,24,54,2.25
Korean,24,53,2.2083333333333335
Korean,22,50,2.272727272727273
Korean,23,54,2.347826086956522
Korean,21,46,2.1904761904761907
Korean,13,25,1.9230769230769231
Korean,11,21,1.9090909090909092
Korean,11,18,1.6363636363636365
Korean,24,54,2.25
Korean,24,53,2.2083333333333335
Korean,26,52,2.0
Korean,24,64,2.6666666666666665
Korean,18,46,2.5555555555555554
Korean,24,64,2.6666666666666665
Korean,10,28,2.8
Korean,10,25,2.5
Korean,10,28,2.8
Korean,26,64,2.4615384615384617
Korean,27,67,2.4814814814814814
Korean,24,60,2.5
Korean,21,55,2.619047619047619
Korean,23,57,2.4782608695652173
Korean,21,54,2.5714285714285716
Korean,25,50,2.0
Korean,23,45,1.9565217391304348
Korean,27,51,1.8888888888888888
Korean,20,42,2.1
Korean,18,40,2.2222222222222223
Korean,19,43,2.263157894736842
Korean,11,29,2.6363636363636362
Korean,11,29,2.6363636363636362
Korean,9,22,2.4444444444444446
Korean,12,28,2.3333333333333335
Korean,11,29,2.6363636363636362
Korean,10,24,2.4
Korean,15,26,1.7333333333333334
Korean,15,24,1.6
Korean,14,27,1.9285714285714286
Korean,8,23,2.875
Korean,10,27,2.7
Korean,9,22,2.4444444444444446
Korean,10,29,2.9
Korean,12,26,2.1666666666666665
Korean,10,27,2.7
Korean,11,20,1.8181818181818181
Korean,12,20,1.6666666666666667
Korean,12,19,1.5833333333333333
Korean,15,31,2.066666666666667
Korean,16,31,1.9375
Korean,17,34,2.0
Korean,9,32,3.5555555555555554
Korean,10,28,2.8
Korean,9,36,4.0
Korean,10,21,2.1
Korean,11,19,1.7272727272727273
Korean,10,21,2.1
Korean,8,22,2.75
Korean,8,24,3.0
Korean,9,29,3.2222222222222223
Korean,26,66,2.5384615384615383
Korean,28,72,2.5714285714285716
Korean,25,65,2.6
Korean,10,18,1.8
Korean,13,20,1.5384615384615385
Korean,11,18,1.6363636363636365
Korean,13,26,2.0
Korean,12,25,2.0833333333333335
Korean,12,24,2.0
Korean,10,28,2.8
Korean,9,25,2.7777777777777777
Korean,9,24,2.6666666666666665
Korean,9,22,2.4444444444444446
Korean,11,25,2.272727272727273
Korean,11,25,2.272727272727273
Korean,10,25,2.5
Korean,12,28,2.3333333333333335
Korean,11,26,2.3636363636363638
Korean,15,40,2.6666666666666665
Korean,13,36,2.769230769230769
Korean,14,42,3.0
Korean,13,26,2.0
Korean,12,26,2.1666666666666665
Korean,11,25,2.272727272727273
Korean,13,34,2.6153846153846154
Korean,17,42,2.4705882352941178
Korean,13,33,2.5384615384615383
Korean,17,47,2.764705882352941
Korean,21,52,2.4761904761904763
Korean,18,47,2.611111111111111
Korean,14,47,3.357142857142857
Korean,14,47,3.357142857142857
Korean,14,47,3.357142857142857
Korean,14,43,3.0714285714285716
Korean,14,48,3.4285714285714284
Korean,11,38,3.4545454545454546
Korean,26,59,2.269230769230769
Korean,25,69,2.76
Korean,27,68,2.5185185185185186
Korean,19,45,2.3684210526315788
Korean,20,44,2.2
Korean,19,47,2.473684210526316
Korean,17,44,2.588235294117647
Korean,17,48,2.823529411764706
Korean,15,45,3.0
Korean,17,50,2.9411764705882355
Korean,17,51,3.0
Korean,17,52,3.0588235294117645
Korean,15,34,2.2666666666666666
Korean,16,36,2.25
Korean,16,35,2.1875
Korean,21,42,2.0
Korean,15,33,2.2
Korean,18,37,2.0555555555555554
Korean,19,43,2.263157894736842
Korean,22,54,2.4545454545454546
Korean,23,53,2.3043478260869565
Korean,8,22,2.75
Korean,8,20,2.5
Korean,7,17,2.4285714285714284
Korean,7,30,4.285714285714286
Korean,6,27,4.5
Korean,7,32,4.571428571428571
Korean,16,41,2.5625
Korean,17,44,2.588235294117647
Korean,18,47,2.611111111111111
Korean,11,22,2.0
Korean,10,23,2.3
Korean,10,23,2.3
Korean,10,18,1.8
Korean,11,24,2.1818181818181817
Korean,9,16,1.7777777777777777
Korean,15,31,2.066666666666667
Korean,13,29,2.230769230769231
Korean,13,29,2.230769230769231
Korean,12,25,2.0833333333333335
Korean,14,27,1.9285714285714286
Korean,13,26,2.0
Korean,14,35,2.5
Korean,17,39,2.2941176470588234
Korean,18,42,2.3333333333333335
Korean,9,21,2.3333333333333335
Korean,9,21,2.3333333333333335
Korean,10,23,2.3
Korean,15,22,1.4666666666666666
Korean,14,19,1.3571428571428572
Korean,15,21,1.4
Korean,8,28,3.5
Korean,10,28,2.8
Korean,8,23,2.875
Korean,8,23,2.875
Korean,9,26,2.888888888888889
Korean,7,22,3.142857142857143
Korean,23,51,2.217391304347826
Korean,18,42,2.3333333333333335
Korean,21,49,2.3333333333333335
Korean,13,31,2.3846153846153846
Korean,12,30,2.5
Korean,14,31,2.2142857142857144
Korean,15,41,2.7333333333333334
Korean,14,41,2.9285714285714284
Korean,17,46,2.7058823529411766
Korean,8,21,2.625
Korean,8,22,2.75
Korean,8,22,2.75
Korean,19,53,2.789473684210526
Korean,19,58,3.0526315789473686
Korean,18,53,2.9444444444444446
Korean,22,44,2.0
Korean,24,50,2.0833333333333335
Korean,22,48,2.1818181818181817
Korean,27,61,2.259259259259259
Korean,28,61,2.1785714285714284
Korean,28,61,2.1785714285714284
Korean,21,46,2.1904761904761907
Korean,21,46,2.1904761904761907
Korean,20,48,2.4
Korean,20,59,2.95
Korean,18,56,3.111111111111111
Korean,18,54,3.0
Korean,19,55,2.8947368421052633
Korean,19,56,2.9473684210526314
Korean,20,60,3.0
Korean,20,49,2.45
Korean,22,54,2.4545454545454546
Korean,23,53,2.3043478260869565
Korean,23,51,2.217391304347826
Korean,23,54,2.347826086956522
Korean,22,52,2.3636363636363638
Korean,17,46,2.7058823529411766
Korean,13,36,2.769230769230769
Korean,14,38,2.7142857142857144
Korean,11,29,2.6363636363636362
Korean,11,27,2.4545454545454546
Korean,12,30,2.5
Korean,18,55,3.0555555555555554
Korean,17,52,3.0588235294117645
Korean,17,56,3.2941176470588234
Korean,9,24,2.6666666666666665
Korean,9,24,2.6666666666666665
Korean,9,22,2.4444444444444446
Korean,25,54,2.16
Korean,25,53,2.12
Korean,25,53,2.12
Korean,6,18,3.0
Korean,9,24,2.6666666666666665
Korean,6,18,3.0
Korean,8,24,3.0
Korean,9,28,3.111111111111111
Korean,8,25,3.125
Korean,22,63,2.8636363636363638
Korean,27,71,2.6296296296296298
Korean,24,68,2.8333333333333335
Korean,22,40,1.8181818181818181
Korean,21,36,1.7142857142857142
Korean,22,38,1.7272727272727273
Korean,13,26,2.0
Korean,14,29,2.0714285714285716
Korean,9,23,2.5555555555555554
Korean,9,24,2.6666666666666665
Korean,9,27,3.0
Korean,9,22,2.4444444444444446
Korean,23,42,1.826086956521739
Korean,23,46,2.0
Korean,24,45,1.875
Korean,14,30,2.142857142857143
Korean,9,24,2.6666666666666665
Korean,13,30,2.3076923076923075
Korean,8,22,2.75
Korean,10,25,2.5
Korean,8,18,2.25
Korean,13,30,2.3076923076923075
Korean,8,21,2.625
Korean,10,28,2.8
Korean,17,33,1.9411764705882353
Korean,14,32,2.2857142857142856
Korean,16,31,1.9375
Korean,10,26,2.6
Korean,10,23,2.3
Korean,9,22,2.4444444444444446
Korean,11,26,2.3636363636363638
Korean,11,28,2.5454545454545454
Korean,10,28,2.8
Korean,14,29,2.0714285714285716
Korean,11,23,2.090909090909091
Korean,13,28,2.1538461538461537
Korean,13,23,1.7692307692307692
Korean,13,25,1.9230769230769231
Korean,13,24,1.8461538461538463
Korean,15,33,2.2
Korean,15,32,2.1333333333333333
Korean,15,33,2.2
Korean,8,21,2.625
Korean,9,20,2.2222222222222223
Korean,7,16,2.2857142857142856
Korean,8,20,2.5
Korean,6,18,3.0
Korean,8,19,2.375
Korean,10,26,2.6
Korean,11,26,2.3636363636363638
Korean,11,26,2.3636363636363638
Korean,16,40,2.5
Korean,17,43,2.5294117647058822
Korean,17,45,2.6470588235294117
Korean,15,32,2.1333333333333333
Korean,14,32,2.2857142857142856
Korean,14,30,2.142857142857143
Korean,24,71,2.9583333333333335
Korean,23,62,2.6956521739130435
Korean,22,62,2.8181818181818183
Korean,24,44,1.8333333333333333
Korean,25,45,1.8
Korean,24,43,1.7916666666666667
Korean,22,66,3.0
Korean,26,76,2.923076923076923
Korean,21,65,3.0952380952380953
Korean,22,42,1.9090909090909092
Korean,21,43,2.0476190476190474
Korean,27,56,2.074074074074074
Korean,9,19,2.111111111111111
Korean,9,20,2.2222222222222223
Korean,10,22,2.2
Korean,31,72,2.3225806451612905
Korean,30,75,2.5
Korean,28,74,2.642857142857143
Korean,23,72,3.130434782608696
Korean,24,73,3.0416666666666665
Korean,23,64,2.782608695652174
Korean,20,62,3.1
Korean,18,53,2.9444444444444446
Korean,20,60,3.0
Korean,8,23,2.875
Korean,8,21,2.625
Korean,7,17,2.4285714285714284
Korean,19,43,2.263157894736842
Korean,17,44,2.588235294117647
Korean,17,39,2.2941176470588234
Korean,10,22,2.2
Korean,11,26,2.3636363636363638
Korean,10,22,2.2
Korean,12,27,2.25
Korean,10,26,2.6
Korean,10,25,2.5
Korean,12,27,2.25
Korean,11,23,2.090909090909091
Korean,8,21,2.625
Korean,10,26,2.6
Korean,11,26,2.3636363636363638
Korean,11,29,2.6363636363636362
Korean,17,50,2.9411764705882355
Korean,19,51,2.6842105263157894
Korean,19,55,2.8947368421052633
Korean,8,28,3.5
Korean,7,26,3.7142857142857144
Korean,9,27,3.0
Korean,20,39,1.95
Korean,19,38,2.0
Korean,18,34,1.8888888888888888
Korean,18,44,2.4444444444444446
Korean,19,47,2.473684210526316
Korean,22,51,2.3181818181818183
Korean,22,58,2.6363636363636362
Korean,20,53,2.65
Korean,21,57,2.7142857142857144
Korean,16,39,2.4375
Korean,14,33,2.357142857142857
Korean,12,30,2.5
Korean,27,60,2.2222222222222223
Korean,27,58,2.1481481481481484
Korean,27,61,2.259259259259259
Korean,16,31,1.9375
Korean,17,33,1.9411764705882353
Korean,15,25,1.6666666666666667
Korean,11,21,1.9090909090909092
Korean,9,18,2.0
Korean,8,19,2.375
Korean,17,32,1.8823529411764706
Korean,17,32,1.8823529411764706
Korean,24,44,1.8333333333333333
Korean,11,25,2.272727272727273
Korean,10,22,2.2
Korean,8,22,2.75
Korean,23,62,2.6956521739130435
Korean,20,61,3.05
Korean,21,56,2.6666666666666665
Korean,10,30,3.0
Korean,8,27,3.375
Korean,8,26,3.25
Korean,20,40,2.0
Korean,20,42,2.1
Korean,21,41,1.9523809523809523
Korean,14,29,2.0714285714285716
Korean,15,32,2.1333333333333333
Korean,15,31,2.066666666666667
Korean,14,34,2.4285714285714284
Korean,15,37,2.466666666666667
Korean,14,30,2.142857142857143
Korean,15,39,2.6
Korean,16,40,2.5
Korean,17,41,2.411764705882353
Korean,14,32,2.2857142857142856
Korean,14,32,2.2857142857142856
Korean,14,32,2.2857142857142856
Korean,25,50,2.0
Korean,26,55,2.1153846153846154
Korean,23,54,2.347826086956522
Korean,25,63,2.52
Korean,26,65,2.5
Korean,30,76,2.533333333333333
Korean,26,50,1.9230769230769231
Korean,25,52,2.08
Korean,21,48,2.2857142857142856
Korean,28,64,2.2857142857142856
Korean,25,60,2.4
Korean,25,61,2.44
Korean,19,55,2.8947368421052633
Korean,20,52,2.6
Korean,21,60,2.857142857142857
Korean,25,51,2.04
Korean,26,54,2.076923076923077
Korean,25,49,1.96
Korean,12,33,2.75
Korean,12,31,2.5833333333333335
Korean,10,30,3.0
Korean,7,19,2.7142857142857144
Korean,8,19,2.375
Korean,9,21,2.3333333333333335
Korean,31,69,2.225806451612903
Korean,30,72,2.4
Korean,31,70,2.2580645161290325
Korean,26,47,1.8076923076923077
Korean,19,40,2.1052631578947367
Korean,24,44,1.8333333333333333
Korean,21,56,2.6666666666666665
Korean,20,54,2.7
Korean,22,57,2.590909090909091
Korean,26,46,1.7692307692307692
Korean,26,53,2.0384615384615383
Korean,26,48,1.8461538461538463
Korean,26,62,2.3846153846153846
Korean,25,57,2.28
Korean,26,61,2.3461538461538463
Korean,18,46,2.5555555555555554
Korean,22,52,2.3636363636363638
Korean,17,43,2.5294117647058822
Korean,12,38,3.1666666666666665
Korean,11,44,4.0
Korean,12,46,3.8333333333333335
Korean,20,49,2.45
Korean,23,55,2.391304347826087
Korean,24,53,2.2083333333333335
Korean,31,74,2.3870967741935485
Korean,31,74,2.3870967741935485
Korean,31,72,2.3225806451612905
Korean,15,37,2.466666666666667
Korean,17,43,2.5294117647058822
Korean,17,44,2.588235294117647
Korean,24,57,2.375
Korean,22,56,2.5454545454545454
Korean,23,59,2.5652173913043477
Korean,12,23,1.9166666666666667
Korean,12,24,2.0
Korean,10,21,2.1
Korean,11,31,2.8181818181818183
Korean,14,37,2.642857142857143
Korean,14,39,2.7857142857142856
Korean,10,31,3.1
Korean,7,26,3.7142857142857144
Korean,7,25,3.5714285714285716
Korean,25,67,2.68
Korean,24,69,2.875
Korean,25,72,2.88
Korean,16,36,2.25
Korean,15,32,2.1333333333333333
Korean,17,38,2.235294117647059
Korean,19,52,2.736842105263158
Korean,21,53,2.5238095238095237
Korean,22,55,2.5
Korean,14,30,2.142857142857143
Korean,15,34,2.2666666666666666
Korean,16,35,2.1875
Korean,11,31,2.8181818181818183
Korean,14,38,2.7142857142857144
Korean,13,37,2.8461538461538463
Korean,22,51,2.3181818181818183
Korean,19,49,2.5789473684210527
Korean,17,43,2.5294117647058822
Korean,11,24,2.1818181818181817
Korean,12,28,2.3333333333333335
Korean,11,25,2.272727272727273
Korean,10,29,2.9
Korean,12,34,2.8333333333333335
Korean,11,35,3.1818181818181817
Korean,17,37,2.176470588235294
Korean,17,37,2.176470588235294
Korean,19,42,2.210526315789474
Korean,12,26,2.1666666666666665
Korean,13,29,2.230769230769231
Korean,12,28,2.3333333333333335
Korean,15,39,2.6
Korean,12,33,2.75
Korean,14,37,2.642857142857143
Korean,8,23,2.875
Korean,9,23,2.5555555555555554
Korean,9,23,2.5555555555555554
Korean,10,33,3.3
Korean,12,38,3.1666666666666665
Korean,8,31,3.875
Korean,23,44,1.9130434782608696
Korean,27,53,1.962962962962963
Korean,27,52,1.9259259259259258
Korean,11,22,2.0
Korean,11,21,1.9090909090909092
Korean,11,22,2.0
Korean,12,39,3.25
Korean,13,39,3.0
Korean,13,40,3.076923076923077
Korean,9,23,2.5555555555555554
Korean,9,29,3.2222222222222223
Korean,9,29,3.2222222222222223
Korean,11,29,2.6363636363636362
Korean,12,27,2.25
Korean,9,24,2.6666666666666665
Korean,21,54,2.5714285714285716
Korean,25,60,2.4
Korean,21,54,2.5714285714285716
Korean,18,45,2.5
Korean,19,46,2.4210526315789473
Korean,18,46,2.5555555555555554
Korean,16,40,2.5
Korean,17,41,2.411764705882353
Korean,16,41,2.5625
Korean,13,27,2.076923076923077
Korean,13,25,1.9230769230769231
Korean,14,28,2.0
Korean,12,25,2.0833333333333335
Korean,10,23,2.3
Korean,14,28,2.0
Korean,11,32,2.909090909090909
Korean,11,33,3.0
Korean,9,32,3.5555555555555554
Korean,15,30,2.0
Korean,15,31,2.066666666666667
Korean,15,30,2.0
Korean,23,71,3.0869565217391304
Korean,23,66,2.869565217391304
Korean,23,72,3.130434782608696
Korean,30,67,2.2333333333333334
Korean,36,78,2.1666666666666665
Korean,33,74,2.242424242424242
